,2020 Q3,2020 YE,2021 Q1,2021 Q2,2021 Q3,2021 YE,2022 Q1,2022 Q2,2022 Q3,2022 YE,2023 Q1,2023 Q2,2023 Q3,2023 YE,2024 Q1,2024 Q2,2024 Q3,2024 YE,2025 Q1,2025 Q2,FHR Delta Qtr,FHR Delta An,Period End*,Period End Date,Current FHR,Simulated FHR,PD (%),Data Source,Group,Group Classification,Parent ID,Supplier Number,Key
,80,81,82,81,81,81,80,76,81,80,78,34,29,30,33,52,,,,,19,18,"2024, Q2",6/30/2024 0:00,52,77,0.2416,Public,"A3, HDM A3",Auto,P912386,201330,13
1,80,81,82,81,81,81,80,76,81,80,78,34,29,30,33,52,,,,,19,18,"2024, Q2",6/30/2024 0:00,52,77,0.2416,Public,A3,Auto,P912386,505602,
2,85,84,,73,,86,,85,,62,72,,,54,,,,,,,,-8,"2023, YE",12/31/2023 0:00,54,54,0.1945,FHRx,"A1, GEN 2, HDM A3",Auto,P0,517592,177
5,,23,,,,47,26,27,29,34,43,41,43,38,,,,,,,-5,4,"2023, YE",6/30/2023 0:00,38,48,1.1216,Public,"A1, A3, F2, HDM A3",Auto,P0,16270,155
9,,23,,,,47,26,27,29,34,43,41,43,38,,,,,,,-5,4,"2023, YE",6/30/2023 0:00,38,48,1.1216,Public,A2,Auto,P760171,594030,
11,16,22,25,41,37,51,34,,32,41,,27,,36,37,,,,,,1,,"2024, Q1",3/31/2024 0:00,37,37,1.257,FHRx,A2,Auto,P0,584339,165
14,,23,,,,19,,,,26,26,,18,19,21,23,,,,,2,,"2024, Q2",6/30/2024 0:00,23,23,7.3713,FHRx,A3,Auto,P661635,520873,194
15,,50,,,,55,,,,61,,,,43,,,,83,,,,40,"2024, YE",3/31/2024 0:00,83,83,0.0041,FHRx,"A3, PU, HDM A1",Auto,P557412,14210,
17,,59,,,65,36,,,32,24,22,25,23,31,38,,,,,,7,16,"2024, Q1",3/31/2024 0:00,38,38,1.1216,FHRx,F2,Auto,P882822,110460,163
18,30,37,41,36,51,76,69,70,67,44,48,51,58,59,59,55,50,,,,-5,-8,"2024, Q3",6/30/2024 0:00,50,58,0.3,Public,A3,Auto,P171491,100736,
20,30,37,41,36,51,76,69,70,67,44,48,51,58,59,59,55,50,,,,-5,-8,"2024, Q3",6/30/2024 0:00,50,58,0.3,Public,A3,Auto,P171491,508204,
21,,35,,,33,28,,28,,29,,40,,69,,,,,,,,40,"2023, YE",12/31/2023 0:00,69,69,0.0344,FHRx,A2,Auto,P0,580111,148
23,42,48,50,55,64,63,59,58,54,47,42,34,34,45,44,35,,,,,-9,1,"2024, Q2",6/30/2024 0:00,35,46,1.5853,Public,F2,Auto,P273712,11330,43
27,42,48,50,55,64,63,59,58,54,47,42,34,34,45,44,35,,,,,-9,1,"2024, Q2",6/30/2024 0:00,35,46,1.5853,Public,"F2, HDM F2",Auto,P273712,070920P,
25,41,39,33,32,33,31,31,31,29,30,,,,32,33,33,34,31,32,,1,-1,"2025, Q1",6/30/2024 0:00,32,40,2.2681,Public,"A1, HDM A1",Auto,P230057,11900,
33,83,89,89,88,66,76,68,61,45,31,37,37,50,40,36,34,,,,,-2,-3,"2024, Q2",6/30/2024 0:00,34,36,1.784,Public,F3,Auto,P850824,519912,144
35,69,56,56,55,53,69,77,81,81,74,70,69,71,79,81,82,83,80,84,,4,3,"2025, Q1",6/30/2024 0:00,84,84,0.0034,Public,F3,Auto,P611169,594416P,82
37,69,56,56,55,53,69,77,81,81,74,70,69,71,79,81,82,83,80,84,,4,3,"2025, Q1",6/30/2024 0:00,84,84,0.0034,Public,F3,Auto,P611169,594416P,82
39,69,56,56,55,53,69,77,81,81,74,70,69,71,79,81,82,83,80,84,,4,3,"2025, Q1",6/30/2024 0:00,84,84,0.0034,Public,F3,Auto,P611169,594416,
38,68,54,40,40,43,70,78,77,72,68,62,60,58,59,65,68,71,71,70,,-1,5,"2025, Q1",6/30/2024 0:00,70,70,0.0303,Public,"A1, A2, A3, F0, F3, PU, HDM F0",Auto,P564815,501121,
41,79,76,82,68,40,51,55,58,57,65,65,58,57,52,34,31,34,44,54,,10,20,"2025, Q1",6/30/2024 0:00,54,54,0.1945,Public,"F3, HDM F3",Auto,P926754,11630,97
43,51,52,52,42,53,50,50,48,49,51,52,54,52,45,44,45,36,42,40,,-2,-4,"2025, Q1",6/30/2024 0:00,40,49,0.8948,Public,"F0, HDM F0",Auto,P851698,11620,56
52,51,52,52,42,53,50,50,48,49,51,52,54,52,45,44,45,36,42,40,,-2,-4,"2025, Q1",6/30/2024 0:00,40,49,0.8948,Public,"A3, F0, HDM F2",Auto,P851698,502542,
53,42,47,53,76,69,59,53,53,56,60,59,58,55,50,52,55,,,,,3,-3,"2024, Q2",6/30/2024 0:00,55,58,0.1744,Public,PU,Auto,P634429,580167,8
56,42,47,53,76,69,59,53,53,56,60,59,58,55,50,52,55,,,,,3,-3,"2024, Q2",6/30/2024 0:00,55,58,0.1744,Public,PU,Auto,P634429,517082,
55,42,47,53,76,69,59,53,53,56,60,59,58,55,50,52,55,,,,,3,-3,"2024, Q2",6/30/2024 0:00,55,58,0.1744,Public,A1,Auto,P634429,501498,
54,,31,,,,35,,,,26,,,,18,28,,,,,,10,,"2024, Q1",3/31/2024 0:00,28,28,3.7449,FHRx,"A2, A3",Auto,P718396,517527,298
57,,81,,,,76,,,,64,,,,82,,,,,,,,18,"2023, YE",12/31/2023 0:00,82,82,0.0049,FHRx,"A1, HDM F1",Auto,P0,132310,332
58,,,,,,26,,,,27,,,,26,,,,28,,,,2,"2024, YE",3/31/2024 0:00,28,28,3.7449,FHRx,"A1, F0, F2, HDM F1",Auto,P629451,32380,196
59,,90,,,,94,,,,90,,,,91,,,,,,,,1,"2023, YE",9/30/2023 0:00,91,91,0.001,FHRx,A3,Auto,P822452,510145,
62,70,71,71,65,67,70,71,71,73,74,75,73,73,72,72,70,,,,,-2,-3,"2024, Q2",6/30/2024 0:00,70,70,0.0303,Public,F0,Auto,P253306,521439,
70,,80,,,,77,,,,80,,,80,81,83,78,78,,,,0,-2,"2024, Q3",6/30/2024 0:00,78,78,0.0097,FHRx,A1,Auto,P970268,511870,
74,,80,,,,77,,,,80,,,80,81,83,78,78,,,,0,-2,"2024, Q3",6/30/2024 0:00,78,78,0.0097,FHRx,A1,Auto,P970268,022230P,
73,,80,,,,77,,,,80,,,80,81,83,78,78,,,,0,-2,"2024, Q3",6/30/2024 0:00,78,78,0.0097,FHRx,A1,Auto,P970268,22230,
71,83,83,73,80,78,73,68,64,70,66,68,73,78,77,75,80,,,,,5,7,"2024, Q2",6/30/2024 0:00,80,78,0.007,Public,F0,Auto,P117786,42110,77
78,83,83,73,80,78,73,68,64,70,66,68,73,78,77,75,80,,,,,5,7,"2024, Q2",6/30/2024 0:00,80,78,0.007,Public,F2,Auto,P117786,42120,
79,,52,,,,20,,,,19,,21,45,45,69,,,,,,38,,"2024, Q1",3/31/2024 0:00,69,69,0.0344,FHRx,"A1, HDM F1",Auto,P426141,12140,
81,39,51,61,76,83,86,87,87,85,82,73,65,65,59,57,49,,,,,-8,-16,"2024, Q2",6/30/2024 0:00,49,56,0.3343,Public,A2,Auto,P601369,584624P,22
83,21,,,21,,,,,57,62,,,,59,,,,,,,,-3,"2023, YE",12/31/2023 0:00,59,59,0.1121,FHRx,A2,Auto,P601369,584624,248
86,60,53,53,52,53,54,55,55,55,56,52,52,50,38,38,39,39,51,51,,0,13,"2025, Q1",6/30/2024 0:00,51,54,0.2693,Public,A3,Auto,P425596,516892,35
91,,51,31,,,40,31,27,,27,,,,21,11,11,,34,,,,13,"2024, YE",3/31/2024 0:00,34,34,1.784,FHRx,"F3, HDM A1",Auto,P178387,14330,239
92,54,46,37,35,38,41,45,40,38,40,47,56,52,63,68,67,76,73,76,,3,8,"2025, Q1",6/30/2024 0:00,76,82,0.0132,Public,A3,Auto,P488641,521508,131
94,62,36,,56,,58,,,,40,,,,62,,,,,,,,22,"2023, YE",1/1/2024 0:00,62,62,0.0798,FHRx,"A2, HDM A2, HSC",Auto,P0,516282,190
103,,,,,,,,,,69,,,,77,,,,,,,,8,"2023, YE",12/31/2023 0:00,77,77,0.0114,FHRx,"A3, HDM A3",Auto,P0,584350,267
107,,23,,23,,24,26,,,22,21,22,18,17,18,20,,,,,2,-2,"2024, Q2",6/30/2024 0:00,20,20,11.4135,FHRx,"A2, A3",Auto,P547247,583417,172
109,,30,,,,31,,,,27,,,,29,,52,,81,,,,52,"2024, YE",3/31/2024 0:00,81,81,0.0059,FHRx,A2,Auto,P997671,520039,294
110,,,,,,38,,,,25,,,,36,,,,17,,,,-19,"2024, YE",1/31/2024 0:00,17,17,18.111,FHRx,"F0, PU",Auto,P0,513252,207
111,,27,,38,,38,,,,34,43,,,30,38,,,,,,8,-5,"2024, Q1",3/31/2024 0:00,38,39,1.1216,FHRx,HDM A2,Auto,P770732,521737,
114,,27,,38,,38,,,,34,43,,,30,38,,,,,,8,-5,"2024, Q1",3/31/2024 0:00,38,39,1.1216,FHRx,"A2, A3, F2, HDM A2",Auto,P770732,120510,
112,38,45,52,69,67,62,56,54,58,59,56,60,62,61,65,68,,,,,3,8,"2024, Q2",6/30/2024 0:00,68,69,0.039,Public,"A3, HDM F0",Auto,P778641,142060,9
116,38,45,52,69,67,62,56,54,58,59,56,60,62,61,65,68,,,,,3,8,"2024, Q2",6/30/2024 0:00,68,69,0.039,Public,A3,Auto,P778641,594151,
118,38,45,52,69,67,62,56,54,58,59,56,60,62,61,65,68,,,,,3,8,"2024, Q2",6/30/2024 0:00,68,69,0.039,Public,"A3, HDM F0",Auto,P778641,132637,
115,,53,,78,,56,,40,,52,,65,,78,,71,,,,,,6,"2024, Q2",6/30/2024 0:00,71,74,0.0266,Public,"A1, A2, A3, HDM A3",Auto,P582708,210550,88
119,,,,,,,,,,32,,,,46,,,,56,,,,10,"2024, YE",3/31/2024 0:00,56,56,0.1563,FHRx,"F2, HDM A2",Auto,P542816,500045,261
122,,,,,,79,,,,72,,61,,65,,,,,,,,-7,"2023, YE",12/31/2023 0:00,65,65,0.0562,FHRx,A3,Auto,P0,579188,219
125,,57,56,54,59,61,65,67,67,65,64,63,62,64,66,68,67,70,70,,0,4,"2025, Q1",6/30/2024 0:00,70,70,0.0303,Public,"A1, HDM F1",Auto,P633880,21340,138
126,43,47,49,52,66,67,65,63,62,54,53,42,42,52,52,47,,,,,,5,"2024, Q2",6/30/2024 0:00,47,47,0.4149,Public,A0,Auto,P615901,90220,15
133,43,47,49,52,66,67,65,63,62,54,53,42,42,52,52,47,,,,,,5,"2024, Q2",6/30/2024 0:00,47,47,0.4149,Public,"F0, F3",Auto,P615901,21360,
134,32,37,36,44,51,59,52,45,38,36,33,32,35,36,35,34,,,,,-1,2,"2024, Q2",6/30/2024 0:00,34,34,1.784,Public,F3,Auto,P464102,40250,90
137,,20,,,,25,26,25,44,69,,,,68,,,,,,,,-1,"2023, YE",12/31/2023 0:00,68,68,0.039,FHRx,A2,Auto,P335091,510568,
141,,20,,,,25,26,25,44,69,,,,68,,,,,,,,-1,"2023, YE",12/31/2023 0:00,68,68,0.039,FHRx,A2,Auto,P335091,21877,
140,,20,,,,25,26,25,44,69,,,,68,,,,,,,,-1,"2023, YE",12/31/2023 0:00,68,68,0.039,FHRx,A2,Auto,P335091,512976,
142,,20,,,,25,26,25,44,69,,,,68,,,,,,,,-1,"2023, YE",12/31/2023 0:00,68,68,0.039,FHRx,A2,Auto,P335091,519645,
143,61,51,42,42,47,66,74,77,79,67,65,59,55,54,51,54,,,,,3,-5,"2024, Q2",6/30/2024 0:00,54,54,0.1945,Public,F0,Auto,P445290,595248,80
148,61,51,42,42,47,66,74,77,79,67,65,59,55,54,51,54,,,,,3,-5,"2024, Q2",6/30/2024 0:00,54,54,0.1945,Public,F0,Auto,P445290,595248,80
149,61,51,42,42,47,66,74,77,79,67,65,59,55,54,51,54,,,,,3,-5,"2024, Q2",6/30/2024 0:00,54,54,0.1945,Public,F0,Auto,P445290,595248P,
147,,60,,,,28,,,,38,,32,,41,,,,,,,,3,"2023, YE",12/31/2023 0:00,41,41,0.8004,FHRx,"A1, HDM A1",Auto,P144252,521095,
158,,60,,,,28,,,,38,,32,,41,,,,,,,,3,"2023, YE",12/31/2023 0:00,41,41,0.8004,FHRx,"A2, HDM A1",Auto,P144252,582915,
159,,60,,,,28,,,,38,,32,,41,,,,,,,,3,"2023, YE",12/31/2023 0:00,41,41,0.8004,FHRx,"A1, HDM A1",Auto,P144252,512031,
156,,60,,,,28,,,,38,,32,,41,,,,,,,,3,"2023, YE",12/31/2023 0:00,41,41,0.8004,FHRx,A1,Auto,P144252,592683,
160,,69,,80,,72,,,,81,86,,,88,,,,,,,,7,"2023, YE",12/31/2023 0:00,88,88,0.0014,FHRx,"A1, A3",Auto,P0,519326,184
162,,68,,58,,30,,,,44,,,,89,,,,,,,,45,"2023, YE",12/31/2023 0:00,89,89,0.001,FHRx,"A1, HDM A1",Auto,P198856,520243,176
164,82,72,74,79,79,76,77,77,80,80,79,80,83,80,81,82,,,,,1,2,"2024, Q2",6/30/2024 0:00,82,84,0.0049,Public,"A1, HDM F1",Auto,P711122,505724,3
165,82,72,74,79,79,76,77,77,80,80,79,80,83,80,81,82,,,,,1,2,"2024, Q2",6/30/2024 0:00,82,84,0.0049,Public,A1,Auto,P711122,519817,
166,,47,57,,34,40,,,,34,,27,,43,46,,,,,,3,,"2024, Q1",3/31/2024 0:00,46,80,0.4626,FHRx,A3,Auto,P0,511265,178
167,,81,,86,,85,,83,,85,,87,,88,,87,,,,,,0,"2024, Q2",6/30/2024 0:00,87,87,0.0017,Public,F3,Auto,P698046,507231,
169,53,55,60,67,68,67,65,63,66,70,72,72,71,72,71,72,,,,,1,0,"2024, Q2",6/30/2024 0:00,72,73,0.0233,Public,F3,Auto,P679245,21640,
171,37,39,57,59,60,51,36,39,38,35,38,38,37,64,64,62,,,,,-2,24,"2024, Q2",6/30/2024 0:00,62,38,0.0798,Public,F0,Auto,P644770,100380,120
173,,,,,,30,,,,53,,,,50,,,,,,,,-3,"2023, YE",12/31/2023 0:00,50,50,0.3,FHRx,"A3, F2",Auto,P0,516879,
174,,49,,,,66,,,,47,,,,43,,,,,,,,-4,"2023, YE",11/30/2023 0:00,43,43,0.6416,FHRx,A2,Auto,P375711,21320,205
175,,29,,,,38,,,,38,30,49,,47,,,,54,,,,12,"2024, YE",3/31/2024 0:00,54,54,0.1945,FHRx,F3,Auto,P100511,514282,297
182,,29,,,,38,,,,38,30,49,,47,,,,54,,,,12,"2024, YE",3/31/2024 0:00,54,54,0.1945,FHRx,"F3, PU, HDM A2",Auto,P100511,33670,
180,,36,,,,27,32,,,39,38,41,43,38,,50,,,,,,9,"2024, Q2",2/29/2024 0:00,50,50,0.3,FHRx,A2,Auto,P0,516167,195
184,69,69,71,72,71,69,71,70,69,68,70,71,69,64,66,69,,,,,3,-2,"2024, Q2",6/30/2024 0:00,69,72,0.0344,Public,"A3, HDM A3",Auto,P573393,12339,
188,,,,,,42,,,,32,,,,34,,56,,75,,,,41,"2024, YE",3/31/2024 0:00,75,75,0.0153,FHRx,"A1, F3, HDM A1",Auto,P0,33500,226
191,65,66,68,76,91,89,88,87,87,87,88,77,77,83,82,90,,,,,8,13,"2024, Q2",6/30/2024 0:00,90,90,0.001,Public,F0,Auto,P880199,578242P,212
192,38,49,54,52,49,43,52,54,57,31,37,39,27,68,65,66,66,65,67,,2,2,"2025, Q1",6/30/2024 0:00,67,69,0.0441,Public,F2,Auto,P280274,519771,63
194,,,,,,,,,,18,,,,20,20,,,19,,,,-1,"2024, YE",3/31/2024 0:00,19,19,13.2796,FHRx,"F3, HDM F3",Auto,P161394,32924,238
195,50,48,49,53,56,56,57,54,48,38,36,36,36,42,46,37,31,,,,-6,-5,"2024, Q3",6/30/2024 0:00,31,71,2.564,Public,F0,Auto,P968361,580404,149
196,88,91,,,89,90,83,71,88,93,,,,92,,,,,,,,-1,"2023, YE",12/31/2023 0:00,92,92,0.001,FHRx,F0,Auto,P0,581216,223
197,,27,,25,,23,27,32,29,30,,,,58,,63,,,,,,,"2024, Q2",6/30/2024 0:00,63,63,0.0711,FHRx,"A2, HDM A2",Auto,P0,503898,191
201,,47,,,,59,,,,65,72,,,,,,,,,,7,,"2023, Q1",3/31/2023 0:00,72,72,0.0233,FHRx,"A1, HDM F1",Auto,P0,133013,202
204,47,53,62,62,54,53,54,54,54,54,55,58,64,66,66,68,,,,,2,10,"2024, Q2",6/30/2024 0:00,68,68,0.039,Public,F3,Auto,P805922,510977,
207,38,40,,36,,40,,,,40,,40,,41,,,,,,,,1,"2023, YE",12/31/2023 0:00,41,41,0.8004,FHRx,F0,Auto,P768606,583554,170
208,,,,,,,,,,16,,,,20,,24,,57,,,,37,"2024, YE",3/31/2024 0:00,57,57,0.14,FHRx,"F2, HDM F2",Auto,P242219,012373P,305
210,76,74,72,70,72,69,72,72,71,59,59,61,57,55,58,68,69,70,71,,1,13,"2025, Q1",6/30/2024 0:00,71,71,0.0266,Public,"F2, HDM F2",Auto,P242219,12373,100
212,76,74,72,70,72,69,72,72,71,59,59,61,57,55,58,68,69,70,71,,1,13,"2025, Q1",6/30/2024 0:00,71,71,0.0266,Public,A1,Auto,P242219,505508,
211,,53,,,,49,,,,41,,,,,,,,,,,,-8,"2022, YE",12/31/2022 0:00,41,46,0.8004,FHRx,"F3, HDM F3",Auto,P0,517963,111
217,,66,,,,64,,,,77,,,,73,,,,,,,,-4,"2023, YE",12/31/2023 0:00,73,73,0.0203,FHRx,"A3, HDM A3",Auto,P423034,192757,245
218,30,30,31,61,82,85,88,88,85,77,54,51,54,56,55,50,,,,,-5,-1,"2024, Q2",6/30/2024 0:00,50,53,0.3,Public,"A2, HDM A2",Auto,P350162,61024,
222,,74,,84,,82,,77,,78,,82,,84,,83,,,,,,1,"2024, Q2",6/30/2024 0:00,83,86,0.0041,Public,"F3, PU",Auto,P866838,130790,
229,39,39,42,49,58,57,50,42,38,43,40,43,49,52,45,45,,,,,0,2,"2024, Q2",6/30/2024 0:00,45,45,0.5158,Public,HDM F0,Auto,P966422,194090,19
239,39,39,42,49,58,57,50,42,38,43,40,43,49,52,45,45,,,,,0,2,"2024, Q2",6/30/2024 0:00,45,45,0.5158,Public,"F0, F2, F3, HDM F1",Auto,P966422,21450,
236,39,39,42,49,58,57,50,42,38,43,40,43,49,52,45,45,,,,,0,2,"2024, Q2",6/30/2024 0:00,45,45,0.5158,Public,"F0, F3, HDM F3",Auto,P966422,90941,
234,39,39,42,49,58,57,50,42,38,43,40,43,49,52,45,45,,,,,0,2,"2024, Q2",6/30/2024 0:00,45,45,0.5158,Public,F3,Auto,P966422,508572,
240,39,39,42,49,58,57,50,42,38,43,40,43,49,52,45,45,,,,,0,2,"2024, Q2",6/30/2024 0:00,45,45,0.5158,Public,"A3, HDM F1",Auto,P966422,160520,
238,39,39,42,49,58,57,50,42,38,43,40,43,49,52,45,45,,,,,0,2,"2024, Q2",6/30/2024 0:00,45,45,0.5158,Public,A1,Auto,P966422,521043,
242,39,39,42,49,58,57,50,42,38,43,40,43,49,52,45,45,,,,,0,2,"2024, Q2",6/30/2024 0:00,45,45,0.5158,Public,A1,Auto,P966422,588700,
244,27,25,25,31,22,20,19,19,20,20,18,15,21,26,23,22,,,,,-1,7,"2024, Q2",6/30/2024 0:00,22,23,8.4984,Public,"A1, F2, F3",Auto,P628779,511652,33
245,,34,,,,52,,,,55,,,,31,,,,,,,,-24,"2023, YE",12/31/2023 0:00,31,31,2.564,FHRx,A1,Auto,P0,519950,325
249,,32,,,,25,,,,23,,21,21,25,,28,26,,,,-2,5,"2024, Q3",3/30/2024 0:00,26,26,4.8748,FHRx,"A2, A3, F2, F3, GEN 2, HDM A3",Auto,P282736,501160,124
253,69,71,75,77,71,71,71,66,79,80,79,80,78,79,78,78,,,,,0,-2,"2024, Q2",6/30/2024 0:00,78,80,0.0097,Public,"F3, HDM F1",Auto,P509543,32590,4
256,18,17,,,41,50,,,,18,,,,38,,65,,,,,,,"2024, Q2",12/30/2023 0:00,65,65,0.0562,FHRx,A1,Auto,P397058,519067,
257,43,38,40,39,40,50,53,55,51,51,49,50,49,42,37,37,37,39,39,,,2,"2025, Q1",6/30/2024 0:00,39,40,1.0013,Public,A1,Auto,P486151,592413P,
263,52,47,35,32,32,44,52,58,58,51,48,40,38,40,43,50,51,53,53,,0,10,"2025, Q1",6/30/2024 0:00,53,53,0.2168,Public,"A1, HDM F1",Auto,P646110,71246,81
264,61,63,58,58,58,60,61,59,50,37,35,36,36,48,51,54,60,56,57,,1,6,"2025, Q1",6/30/2024 0:00,57,57,0.14,Public,"A1, HDM F1",Auto,P589832,519075P,123
265,,83,,,,81,,,,76,,,,86,,,,,,,,10,"2023, YE",12/31/2023 0:00,86,86,0.0022,FHRx,"A1, HDM F1",Auto,P589832,519075,249
266,55,49,51,62,54,52,42,45,42,48,42,49,53,55,53,49,,,,,-4,0,"2024, Q2",6/30/2024 0:00,49,53,0.3343,Public,A1,Auto,P812680,517567,30
267,,,,,,24,,,,24,,,28,22,,20,,,,,,,"2024, Q2",12/30/2023 0:00,20,20,11.4135,FHRx,A2,Auto,P609937,41800,265
270,,37,,,,57,,,,65,,,,87,,,,,,,,22,"2023, YE",9/30/2023 0:00,87,87,0.0017,FHRx,A3,Auto,P850281,517064,199
272,80,72,49,48,52,74,81,80,77,74,73,75,76,78,80,81,77,76,80,,4,0,"2025, Q1",6/30/2024 0:00,80,79,0.007,Public,"A1, A3, F0, F2, F3, PU, HDM F1",Auto,P825978,140290,44
274,80,72,49,48,52,74,81,80,77,74,73,75,76,78,80,81,77,76,80,,4,0,"2025, Q1",6/30/2024 0:00,80,79,0.007,Public,HDM F1,Auto,P825978,521475,
277,80,72,49,48,52,74,81,80,77,74,73,75,76,78,80,81,77,76,80,,4,0,"2025, Q1",6/30/2024 0:00,80,79,0.007,Public,F0,Auto,P825978,503064P,
276,,,14,19,19,32,,,19,19,,,,25,31,,,65,,,,40,"2024, YE",3/31/2024 0:00,65,65,0.0562,FHRx,F0,Auto,P825978,503064,316
278,,55,,55,,,,,,58,,,,53,,,,,,,,-5,"2023, YE",12/31/2023 0:00,53,53,0.2168,FHRx,A1,Auto,P938262,41230,
281,24,30,23,22,31,34,,21,,29,,,,24,,24,,22,,,,-2,"2024, YE",3/31/2024 0:00,22,22,8.4984,FHRx,A1,Auto,P0,521081,254
283,31,31,31,31,31,27,30,31,31,36,35,33,33,32,33,33,,,,,0,0,"2024, Q2",6/30/2024 0:00,33,34,2.0101,Public,A1,Auto,P599512,520446,213
282,,18,,,,19,,,,38,,,46,74,,,,,,,28,36,"2023, YE",12/31/2023 0:00,74,74,0.0177,FHRx,A2,Auto,P764247,520426,299
286,,28,,,,28,,,,31,,,,34,,33,,,,,,,"2024, Q2",6/30/2024 0:00,33,42,2.0101,Public,"PU, HDM A1",Auto,P328174,70940,322
290,,28,,,,28,,,,31,,,,34,,33,,,,,,,"2024, Q2",6/30/2024 0:00,33,42,2.0101,Public,A1,Auto,P328174,230120,
292,,,,,,78,,,,73,,,,78,,,,,,,,5,"2023, YE",9/30/2023 0:00,78,78,0.0097,FHRx,A2,Auto,P0,514985,329
296,,56,,,,55,,,,40,,,,39,,,,,,,,-1,"2023, YE",5/31/2023 0:00,39,39,1.0013,FHRx,F0,Auto,P0,510995,
297,,60,,,,70,,,,68,,,,79,,,,,,,,11,"2023, YE",12/31/2023 0:00,79,79,0.0083,FHRx,A2,Auto,P641478,60968,
316,,60,,,,70,,,,68,,,,79,,,,,,,,11,"2023, YE",12/31/2023 0:00,79,79,0.0083,FHRx,A2,Auto,P641478,60968,
317,,60,,,,70,,,,68,,,,79,,,,,,,,11,"2023, YE",12/31/2023 0:00,79,79,0.0083,FHRx,A2,Auto,P641478,60968,
318,,60,,,,70,,,,68,,,,79,,,,,,,,11,"2023, YE",12/31/2023 0:00,79,79,0.0083,FHRx,"A2, A3",Auto,P641478,588833,
315,,53,,,,34,,,,40,,,,34,,,,,,,,-6,"2023, YE",12/31/2023 0:00,34,34,1.784,FHRx,"A2, F3",Auto,P890147,50810,281
319,76,76,78,79,81,80,75,70,58,52,53,50,53,59,59,62,64,,,,2,11,"2024, Q3",6/30/2024 0:00,64,64,0.0632,Public,"A2, A3, HDM A3",Auto,P265454,163030,110
323,,20,,,,19,,,,16,17,,,20,,18,,17,,,,-3,"2024, YE",3/30/2024 0:00,17,17,18.111,FHRx,"F3, HDM A2",Auto,P806649,61043,289
327,,32,,,,33,23,,,23,,,,23,,16,,15,,,,-8,"2024, YE",3/31/2024 0:00,15,15,24.8648,FHRx,F3,Auto,P806649,504855,306
328,,,,,,35,,,,26,,27,27,33,,45,,49,,,,16,"2024, YE",3/31/2024 0:00,49,49,0.3343,FHRx,F3,Auto,P806649,60570,206
330,89,85,79,69,75,82,87,87,87,86,83,83,85,86,87,88,90,88,88,,0,1,"2025, Q1",6/30/2024 0:00,88,88,0.0014,Public,"PU, HDM A1",Auto,P714640,100520P,61
336,89,85,79,69,75,82,87,87,87,86,83,83,85,86,87,88,90,88,88,,0,1,"2025, Q1",6/30/2024 0:00,88,88,0.0014,Public,HDM A1,Auto,P714640,521767P,
338,89,85,79,69,75,82,87,87,87,86,83,83,85,86,87,88,90,88,88,,0,1,"2025, Q1",6/30/2024 0:00,88,88,0.0014,Public,PU,Auto,P714640,504761P,
335,,64,,69,,52,,,,32,,38,,46,,,,,,,,14,"2023, YE",12/31/2023 0:00,46,46,0.4626,FHRx,F3,Auto,P891811,589304,164
339,,68,,,,70,,,,49,,,,69,,,,76,,,,7,"2024, YE",3/31/2024 0:00,76,76,0.0132,FHRx,"PU, HDM A1",Auto,P714640,100520,
344,,,,,,,,,,,,,,42,,,,52,,,,10,"2024, YE",3/31/2024 0:00,52,52,0.2416,FHRx,PU,Auto,P714640,504761,
345,30,29,29,33,38,47,56,58,53,55,54,54,55,54,54,57,58,54,,,-4,0,"2024, YE",3/31/2024 0:00,54,57,0.1945,Public,"A3, F0",Auto,P370907,517651,23
350,,55,,,,56,,,,49,,,,48,,,,,,,,-1,"2023, YE",12/31/2023 0:00,48,48,0.3724,FHRx,"A2, F2",Auto,P342705,193030,
351,,39,,64,,50,,39,,41,,47,,51,,,,,,,,10,"2023, YE",12/31/2023 0:00,51,55,0.2693,Public,F0,Auto,P625100,33516,48
355,,39,,64,,50,,39,,41,,47,,51,,,,,,,,10,"2023, YE",12/31/2023 0:00,51,55,0.2693,Public,F3,Auto,P625100,519258,
356,67,56,58,62,58,52,52,43,39,35,32,32,33,46,51,57,58,56,56,,0,5,"2025, Q1",6/30/2024 0:00,56,57,0.1563,Public,"F0, HDM F0",Auto,P526115,510254,67
357,,,,,,,,,,86,,,,84,,,,,,,,-2,"2023, YE",12/31/2023 0:00,84,84,0.0034,FHRx,A2,Auto,P0,520234,334
360,,46,,,,51,,,,52,,,,59,,,,,,,,7,"2023, YE",12/31/2023 0:00,59,59,0.1121,FHRx,"A1, GEN 2, HDM F1",Auto, ,140580,
362,,46,,,,51,,,,52,,,,59,,,,,,,,7,"2023, YE",12/31/2023 0:00,59,59,0.1121,FHRX,"A1, GEN 2, HDM F1",Auto,P0,140580,
363,,80,,,,74,,,,55,,,,91,,,,89,,,,-2,"2024, YE",3/31/2024 0:00,89,89,0.001,FHRx,"A1, HDM A1",Auto,P299205,61090,296
366,47,44,31,30,37,37,44,41,28,29,29,35,39,37,37,34,35,37,36,,-1,-1,"2025, Q1",6/30/2024 0:00,36,36,1.4109,Public,"F3, HDM A2",Auto,P806649,061043P,152
332,47,44,31,30,37,37,44,41,28,29,29,35,39,37,37,34,35,37,36,,-1,-1,"2025, Q1",6/30/2024 0:00,36,36,1.4109,Public,F3,Auto,P806649,504855P,
333,34,24,24,25,26,38,37,38,39,49,49,55,64,59,59,56,56,64,68,,4,9,"2025, Q1",6/30/2024 0:00,68,70,0.039,Public,"F0, HDM F2",Auto,P940842,512737,66
368,57,61,65,63,66,68,71,71,66,61,61,63,63,72,69,67,62,60,62,,2,-7,"2025, Q1",6/30/2024 0:00,62,62,0.0798,Public,F0,Auto,P963196,520349,26
369,38,42,39,38,38,47,52,57,54,53,51,49,50,49,49,48,50,57,59,,2,10,"2025, Q1",6/30/2024 0:00,59,59,0.1121,Public,A1,Auto,P378225,511497,116
370,34,35,35,35,33,31,35,34,34,34,33,33,33,33,35,35,35,35,34,,-1,-1,"2025, Q1",6/30/2024 0:00,34,34,1.784,Public,"F0, HDM F2",Auto,P875711,91034,307
372,34,35,35,35,33,31,35,34,34,34,33,33,33,33,35,35,35,35,34,,-1,-1,"2025, Q1",6/30/2024 0:00,34,34,1.784,Public,"F0, CommonAuto",Auto,P875711,210560,
371,56,64,42,35,50,53,67,61,50,50,36,49,53,61,72,75,80,75,75,,,3,"2025, Q1",6/30/2024 0:00,75,77,0.0153,Public,"F3, HDM F1",Auto,P838363,511432,105
374,73,80,82,83,83,81,79,80,82,80,83,83,84,87,87,86,,,,,-1,3,"2024, Q2",6/30/2024 0:00,86,86,0.0022,Public,F2,Auto,P478748,519734,99
375,73,80,82,83,83,81,79,80,82,80,83,83,84,87,87,86,,,,,-1,3,"2024, Q2",6/30/2024 0:00,86,86,0.0022,Public,F2,Auto,P478748,577435,
376,86,88,89,89,89,88,88,85,85,86,87,86,87,86,88,87,,,,,-1,1,"2024, Q2",6/29/2024 0:00,87,87,0.0017,Public,F0,Auto,P857738,510111,
386,,32,,,,28,,32,,42,,46,,37,38,,,,,,1,,"2024, Q1",3/31/2024 0:00,38,38,1.1216,FHRx,A3,Auto,P0,510060,
390,87,89,89,91,91,88,87,85,85,85,85,86,87,88,88,87,,,,,-1,1,"2024, Q2",6/30/2024 0:00,87,87,0.0017,Public,"F0, F2, HDM F2",Auto,P753990,510176,7
393,71,77,83,89,88,86,81,74,61,52,55,58,57,61,60,68,,,,,8,10,"2024, Q2",6/30/2024 0:00,68,71,0.039,Public,"A3, F0",Auto,P402817,511595,28
394,,45,,70,,67,,64,,68,,72,,72,,65,,,,,,-7,"2024, Q2",6/30/2024 0:00,65,65,0.0562,Public,F2,Auto,P505529,585824,119
397,,45,,70,,67,,64,,68,,72,,72,,65,,,,,,-7,"2024, Q2",6/30/2024 0:00,65,65,0.0562,Public,A2,Auto,P505529,515839,
396,,87,,,,55,,,,75,71,36,,36,53,67,,,,,14,31,"2024, Q2",6/30/2024 0:00,67,67,0.0441,FHRx,A3,Auto,P249920,70780,169
398,,87,,,,55,,,,75,71,36,,36,53,67,,,,,14,31,"2024, Q2",6/30/2024 0:00,67,67,0.0441,FHRx,"A3, HDM A1",Auto,P249920,586513,
399,25,29,31,35,34,39,37,39,37,30,28,27,28,27,28,25,,,,,-3,-2,"2024, Q2",6/30/2024 0:00,25,28,5.5789,Public,"F3, HDM F3",Auto,P894700,70260,5
406,31,32,37,40,37,31,31,31,30,30,31,31,33,34,38,38,,,,,0,7,"2024, Q2",6/30/2024 0:00,38,38,1.1216,Public,A3,Auto,P917572,230140P,
409,75,74,,66,42,60,77,,,50,,,,80,,,,,,,,30,"2023, YE",12/31/2023 0:00,80,80,0.007,FHRx,"F3, HDM F3",Auto,P651643,510622,258
410,,26,,26,21,20,19,22,18,19,23,27,35,28,25,24,,,,,-1,-3,"2024, Q2",6/30/2024 0:00,24,24,6.4025,FHRx,"A1, PU, HDM A1",Auto,P498884,70970,
411,,,,,,,,,,15,,,,15,,,,17,,,,2,"2024, YE",3/31/2024 0:00,17,17,18.111,FHRx,"F2, HDM F2",Auto,P273712,70920,
414,,19,,,,20,,,,16,,,,16,,,,,,,,0,"2023, YE",3/31/2023 0:00,16,16,21.2071,FHRx,"A2, A3, F2, HDM A3",Auto,P374158,70740,290
415,,35,,61,,37,,,38,32,38,35,28,33,30,,,,,,-3,-8,"2024, Q1",3/31/2024 0:00,30,30,2.9043,FHRx,A3,Auto,P165622,511807,218
423,,35,,61,,37,,,38,32,38,35,28,33,30,,,,,,-3,-8,"2024, Q1",3/31/2024 0:00,30,30,2.9043,FHRx,A3,Auto,P165622,511807,218
425,,35,,61,,37,,,38,32,38,35,28,33,30,,,,,,-3,-8,"2024, Q1",3/31/2024 0:00,30,30,2.9043,FHRx,A3,Auto,P165622,516967,
419,,35,,61,,37,,,38,32,38,35,28,33,30,,,,,,-3,-8,"2024, Q1",3/31/2024 0:00,30,30,2.9043,FHRx,A3,Auto,P165622,519119,
421,,35,,61,,37,,,38,32,38,35,28,33,30,,,,,,-3,-8,"2024, Q1",3/31/2024 0:00,30,30,2.9043,FHRx,"A3, F0",Auto,P165622,579370,
422,45,44,47,48,44,,,55,53,66,,,,47,,,,,,,,-19,"2023, YE",12/31/2023 0:00,47,47,0.4149,FHRx,A3,Auto,P985112,511431,263
427,74,68,58,61,66,70,77,75,70,68,68,73,75,77,77,76,80,81,81,,0,4,"2025, Q1",6/30/2024 0:00,81,81,0.0059,Public,A2,Auto,P997671,520039P,151
382,74,68,58,61,66,70,77,75,70,68,68,73,75,77,77,76,80,81,81,,0,4,"2025, Q1",6/30/2024 0:00,81,81,0.0059,Public,HDM A2,Auto,P997671,519187,
381,74,68,58,61,66,70,77,75,70,68,68,73,75,77,77,76,80,81,81,,0,4,"2025, Q1",6/30/2024 0:00,81,81,0.0059,Public,PU,Auto,P997671,521764,
384,74,68,58,61,66,70,77,75,70,68,68,73,75,77,77,76,80,81,81,,0,4,"2025, Q1",6/30/2024 0:00,81,81,0.0059,Public,A2,Auto,P997671,521755,
383,74,68,58,61,66,70,77,75,70,68,68,73,75,77,77,76,80,81,81,,0,4,"2025, Q1",6/30/2024 0:00,81,81,0.0059,Public,A2,Auto,P997671,101220P,
379,74,68,58,61,66,70,77,75,70,68,68,73,75,77,77,76,80,81,81,,0,4,"2025, Q1",6/30/2024 0:00,81,81,0.0059,Public,"A2, HDM A2",Auto,P997671,100490,
378,74,68,58,61,66,70,77,75,70,68,68,73,75,77,77,76,80,81,81,,0,4,"2025, Q1",6/30/2024 0:00,81,81,0.0059,Public,A2,Auto,P997671,504865P,
380,,52,,,,66,,,,60,,,,60,,,,,,,,0,"2023, YE",12/31/2023 0:00,60,60,0.1002,FHRx,A2,Auto,P694235,510177,
430,,,,,,71,41,51,,29,,45,,68,,,,,,,,39,"2023, YE",12/31/2023 0:00,68,68,0.039,FHRx,F3,Auto,P651643,513884,250
432,78,82,83,85,84,82,76,74,70,74,78,81,86,89,90,91,,,,,1,10,"2024, Q2",6/30/2024 0:00,91,91,0.001,Public,"F3, HDM F3",Auto,P175859,518614,102
438,55,55,56,65,61,54,51,44,39,40,39,47,42,38,37,31,,,,,-6,-16,"2024, Q2",6/30/2024 0:00,31,31,2.564,Public,A3,Auto,P616528,521193,79
439,,,,,,33,,26,,33,,,,40,,,,,,,,7,"2023, YE",12/31/2023 0:00,40,40,0.8948,FHRx,"A2, A3",Auto,P614718,515655,269
440,40,41,48,49,47,45,43,44,44,46,46,45,43,41,36,32,,,,,-4,-13,"2024, Q2",6/30/2024 0:00,32,36,2.2681,Public,"A2, A3",Auto,P614718,515655P,58
442,50,46,36,34,35,33,34,38,33,29,29,30,30,30,34,38,51,35,34,,-1,0,"2025, Q1",6/30/2024 0:00,34,52,1.784,Public,F0,Auto,P558590,81693,
443,,,,,,,,,,49,,,,24,,,,,,,,-25,"2023, YE",12/31/2023 0:00,24,24,6.4025,FHRx,A3,Auto,P850174,11340,236
447,,,,,,,,,,49,,,,24,,,,,,,,-25,"2023, YE",12/31/2023 0:00,24,24,6.4025,FHRx,A3,Auto,P850174,11340,236
448,84,54,46,56,59,87,88,85,78,70,85,86,82,79,77,83,,,,,6,-3,"2024, Q2",6/30/2024 0:00,83,85,0.0041,Public,"F2, F3",Auto,P722093,521758,94
450,84,54,46,56,59,87,88,85,78,70,85,86,82,79,77,83,,,,,6,-3,"2024, Q2",6/30/2024 0:00,83,85,0.0041,Public,"F0, F3",Auto,P722093,510391,
449,,62,,65,,63,,58,,58,,61,,64,,65,,,,,,4,"2024, Q2",6/30/2024 0:00,65,67,0.0562,Public,A2,Auto,P712635,80480,37
451,79,85,89,78,80,64,28,33,,38,,61,,93,,,,,,,,55,"2023, YE",12/31/2023 0:00,93,93,0.001,FHRx,"A2, A3, HDM F3",Auto,P0,150460,
453,,31,,,,30,,,,22,,,,39,,,,,,,,17,"2023, YE",12/31/2023 0:00,39,40,1.0013,FHRx,F0,Auto,P163256,583017,134
454,46,49,43,46,38,32,32,30,29,30,34,25,27,22,20,32,,,,,12,7,"2024, Q2",6/30/2024 0:00,32,40,2.2681,Public,GEN 2,Auto,P183401,584422,95
455,68,35,93,85,89,90,91,89,87,91,,,,90,,,,,,,,-1,"2023, YE",12/31/2023 0:00,90,90,0.001,FHRx,F0,Auto,P880199,578242,266
458,,51,,,,18,,,,18,,,,18,,,,,,,,0,"2023, YE",3/31/2023 0:00,18,18,15.489,FHRx,A2,Auto,P0,81518,317
465,59,57,54,55,63,54,49,50,49,47,48,47,46,48,49,49,50,,,,1,4,"2024, Q3",7/31/2024 0:00,50,58,0.3,Public,"F2, HDM F2",Auto,P685389,81120,
460,59,57,54,55,63,54,49,50,49,47,48,47,46,48,49,49,50,,,,1,4,"2024, Q3",7/31/2024 0:00,50,58,0.3,Public,HDM F2,Auto,P685389,82970,
461,,,,,,,,,,55,,,,84,,,,90,,,,6,"2024, YE",3/31/2024 0:00,90,90,0.001,FHRx,"F3, PU, HDM F3",Auto,P689834,505611,304
471,,,,,,78,,,,68,,,,82,,,,93,,,,11,"2024, YE",3/31/2024 0:00,93,93,0.001,FHRx,"A1, F0, F3, PU, HDM F1",Auto,P689834,90580,
473,,,,,,65,,,,31,,,,36,36,,,,,,0,,"2024, Q1",6/30/2023 0:00,36,36,1.4109,FHRx,"F0, F3, HDM F3",Auto,P689834,191720,262
474,,,,,,,,,,18,,,,17,,18,26,55,,,29,38,"2024, YE",3/31/2024 0:00,55,55,0.1744,FHRx,F3,Auto,P689834,593832,222
476,48,46,46,41,45,47,47,46,46,49,46,46,46,53,52,52,60,60,57,,-3,5,"2025, Q1",6/30/2024 0:00,57,56,0.14,Public,"A1, F0, PU, HDM F1",Auto,P689834,81160,16
487,48,46,46,41,45,47,47,46,46,49,46,46,46,53,52,52,60,60,57,,-3,5,"2025, Q1",6/30/2024 0:00,57,56,0.14,Public,"F3, PU, HDM F3",Auto,P689834,505611P,
491,48,46,46,41,45,47,47,46,46,49,46,46,46,53,52,52,60,60,57,,-3,5,"2025, Q1",6/30/2024 0:00,57,56,0.14,Public,PU,Auto,P689834,591484,
496,48,46,46,41,45,47,47,46,46,49,46,46,46,53,52,52,60,60,57,,-3,5,"2025, Q1",6/30/2024 0:00,57,56,0.14,Public,"A1, F3, HDM F3",Auto,P689834,60750,
486,48,46,46,41,45,47,47,46,46,49,46,46,46,53,52,52,60,60,57,,-3,5,"2025, Q1",6/30/2024 0:00,57,56,0.14,Public,"A1, F0, F3, PU, HDM F1",Auto,P689834,090580P,
488,48,46,46,41,45,47,47,46,46,49,46,46,46,53,52,52,60,60,57,,-3,5,"2025, Q1",6/30/2024 0:00,57,56,0.14,Public,CommonAuto,Auto,P689834,197270,
483,48,46,46,41,45,47,47,46,46,49,46,46,46,53,52,52,60,60,57,,-3,5,"2025, Q1",6/30/2024 0:00,57,56,0.14,Public,HDM F3,Auto,P689834,519485,
493,48,46,46,41,45,47,47,46,46,49,46,46,46,53,52,52,60,60,57,,-3,5,"2025, Q1",6/30/2024 0:00,57,56,0.14,Public,"A1, HDM F1",Auto,P689834,519728,
494,48,46,46,41,45,47,47,46,46,49,46,46,46,53,52,52,60,60,57,,-3,5,"2025, Q1",6/30/2024 0:00,57,56,0.14,Public,"F3, PU",Auto,P689834,21500,
485,48,46,46,41,45,47,47,46,46,49,46,46,46,53,52,52,60,60,57,,-3,5,"2025, Q1",6/30/2024 0:00,57,56,0.14,Public,"F0, F3, HDM F3",Auto,P689834,191720P,
489,48,46,46,41,45,47,47,46,46,49,46,46,46,53,52,52,60,60,57,,-3,5,"2025, Q1",6/30/2024 0:00,57,56,0.14,Public,F3,Auto,P689834,593832P,
497,47,44,43,59,57,56,57,51,56,48,52,53,49,50,53,53,,,,,0,0,"2024, Q2",6/30/2024 0:00,53,53,0.2168,Public,F3,Auto,P749460,521423,109
499,,,,,,20,,,,19,,,19,19,19,,,,,,0,,"2024, Q1",3/31/2024 0:00,19,19,13.2796,FHRx,"A3, F0, F2, HDM F2",Auto,P232091,81330,
501,,41,,,,55,,,,57,,,,72,,,,,,,,15,"2023, YE",12/31/2023 0:00,72,72,0.0233,FHRx,GEN 2,Auto,P0,583800,
502,80,,,,78,79,91,86,78,80,,,,85,,,83,83,,,0,-2,"2024, YE",3/31/2024 0:00,83,83,0.0041,FHRx,"F3, HDM F3",Auto,P100539,516061,221
508,59,60,52,55,58,67,67,65,65,67,67,67,69,65,65,64,64,66,64,,-2,-1,"2025, Q1",6/30/2024 0:00,64,64,0.0632,Public,F3,Auto,P713816,195380,
512,40,48,32,36,46,54,65,51,38,33,30,33,35,36,38,36,30,33,32,,-1,-6,"2025, Q1",6/30/2024 0:00,32,32,2.2681,Public,A2,Auto,P785357,504860P,128
435,40,48,32,36,46,54,65,51,38,33,30,33,35,36,38,36,30,33,32,,-1,-6,"2025, Q1",6/30/2024 0:00,32,32,2.2681,Public,"A2, HDM A2",Auto,P785357,110310P,
433,40,48,32,36,46,54,65,51,38,33,30,33,35,36,38,36,30,33,32,,-1,-6,"2025, Q1",6/30/2024 0:00,32,32,2.2681,Public,A2,Auto,P785357,111450P,
434,,39,,,,37,,42,,32,,,,62,,,,,,,,30,"2023, YE",12/31/2023 0:00,62,62,0.0798,FHRx,A3,Auto,P345623,519486,208
516,,71,,,,66,,,,39,,,61,89,,,,,,,28,50,"2023, YE",12/31/2023 0:00,89,89,0.001,FHRx,A3,Auto,P718396,521093,303
519,19,22,60,54,42,33,21,21,23,42,,,,56,,,,,,,,14,"2023, YE",12/31/2023 0:00,56,56,0.1563,FHRx,A2,Auto,P347042,514549,230
524,39,26,25,25,26,37,56,54,57,59,63,64,55,48,37,39,48,52,58,,6,21,"2025, Q1",6/30/2024 0:00,58,62,0.1253,Public,A0,Auto,P475688,90210,
526,39,40,38,39,37,36,43,48,54,58,51,54,52,47,41,24,25,28,30,,2,-11,"2025, Q1",6/30/2024 0:00,30,30,2.9043,Public,A1,Auto,P255111,520462,40
527,86,86,86,87,87,84,83,82,83,84,83,85,85,85,84,85,,,,,1,0,"2024, Q2",6/30/2024 0:00,85,85,0.0027,Public,CommonAuto,Auto,P260470,518087,11
530,86,86,86,87,87,84,83,82,83,84,83,85,85,85,84,85,,,,,1,0,"2024, Q2",6/30/2024 0:00,85,85,0.0027,Public,A3,Auto,P260470,585637,
538,86,86,86,87,87,84,83,82,83,84,83,85,85,85,84,85,,,,,1,0,"2024, Q2",6/30/2024 0:00,85,85,0.0027,Public,A3,Auto,P260470,510630,
535,86,86,86,87,87,84,83,82,83,84,83,85,85,85,84,85,,,,,1,0,"2024, Q2",6/30/2024 0:00,85,85,0.0027,Public,CommonAuto,Auto,P260470,510384,
529,86,86,86,87,87,84,83,82,83,84,83,85,85,85,84,85,,,,,1,0,"2024, Q2",6/30/2024 0:00,85,85,0.0027,Public,F3,Auto,P260470,518076,
536,86,86,86,87,87,84,83,82,83,84,83,85,85,85,84,85,,,,,1,0,"2024, Q2",6/30/2024 0:00,85,85,0.0027,Public,CommonAuto,Auto,P260470,510265,
528,86,86,86,87,87,84,83,82,83,84,83,85,85,85,84,85,,,,,1,0,"2024, Q2",6/30/2024 0:00,85,85,0.0027,Public,"A1, HDM A1",Auto,P260470,90600,
532,,30,,,,22,,,,17,,15,,21,,25,,,,,,10,"2024, Q2",6/30/2024 0:00,25,25,5.5789,FHRx,A3,Auto,P986434,92210,
540,75,72,64,61,59,56,64,67,66,57,55,49,47,47,46,52,53,50,57,,7,11,"2025, Q1",6/30/2024 0:00,57,57,0.14,Public,A3,Auto,P986434,092210P,162
542,,43,,35,,38,34,,,32,36,35,,44,,,,,,,,12,"2023, YE",12/31/2023 0:00,44,44,0.5751,FHRx,F2,Auto,P793389,517200,166
543,78,73,76,39,35,35,38,53,,34,,80,,82,,,,,,,,48,"2023, YE",12/31/2023 0:00,82,82,0.0049,FHRx,F3,Auto,P651643,515030,252
544,,,,,,,,,,43,,,,74,,,,84,,,,10,"2024, YE",3/31/2024 0:00,84,84,0.0034,FHRx,"A1, HDM A1",Auto,P906054,500907,323
545,,,,,,26,,,25,26,33,,28,28,25,,,,,,-3,-8,"2024, Q1",3/31/2024 0:00,25,25,5.5789,FHRx,F0,Auto,P0,517652,
551,,,,,,29,,,,28,,36,36,51,,,,,,,15,23,"2023, YE",12/31/2023 0:00,51,51,0.2693,FHRx,"A3, F2",Auto,P0,518688,272
553,,68,,,,28,,,,23,24,31,30,33,,37,,,,,,6,"2024, Q2",6/30/2024 0:00,37,37,1.257,FHRx,A3,Auto,P0,92140,168
555,,68,,,,28,,,,23,24,31,30,33,,37,,,,,,6,"2024, Q2",6/30/2024 0:00,37,37,1.257,FHRx,A3,Auto,P0,92140,168
554,,22,23,26,,18,,,16,19,20,20,,19,,,,,,,,0,"2023, YE",12/31/2023 0:00,19,19,13.2796,FHRx,"A2, A3, F2",Auto,P179374,30480,167
557,33,34,30,56,61,61,69,64,65,66,54,55,56,55,57,56,,,,,-1,1,"2024, Q2",6/30/2024 0:00,56,57,0.1563,Public,"F3, HDM F3",Auto,P666906,33298,75
564,74,80,79,72,73,,,,71,69,,,,90,,,,,,,,21,"2023, YE",12/31/2023 0:00,90,90,0.001,FHRx,"A1, HDM A1",Auto,P656881,519217,232
565,70,55,56,58,73,74,68,68,69,71,72,73,77,78,71,71,,,,,0,-2,"2024, Q2",6/29/2024 0:00,71,72,0.0266,Public,F3,Auto,P530480,583868,
569,,87,,,,89,,,,90,,,,90,,,,90,,,,0,"2024, YE",3/31/2024 0:00,90,90,0.001,FHRx,F0,Auto,P0,580135,319
570,,,,,,65,,,,73,,,,65,,,,79,,,,14,"2024, YE",1/31/2024 0:00,79,79,0.0083,FHRx,"A1, HDM A1",Auto,P0,90752,
572,,,58,55,27,21,22,,,18,,17,,19,18,,,,,,-1,,"2024, Q1",3/31/2024 0:00,18,18,15.489,FHRx,A1,Auto,P486151,592413,241
574,,28,,,46,45,,34,,36,47,70,,78,,,,,,,,42,"2023, YE",12/30/2023 0:00,78,78,0.0097,FHRx,"F2, HDM F3",Auto,P735802,506128,173
576,75,75,70,68,66,67,68,72,74,74,75,76,77,77,75,76,76,67,67,,0,-8,"2025, Q1",6/30/2024 0:00,67,68,0.0441,Public,"F0, PU, HDM F2",Auto,P788967,500044,68
577,,65,,,,59,,,,44,,,,33,,44,,74,,,,41,"2024, YE",3/31/2024 0:00,74,74,0.0177,FHRx,A2,Auto,P997671,101220,286
579,,48,,,,,,,,45,,50,,40,,,,41,,,,1,"2024, YE",3/31/2024 0:00,41,41,0.8004,FHRx,A2,Auto,P997671,Consolidated,285
580,,12,,,,16,,,,13,,,,12,,13,,13,,,,1,"2024, YE",3/31/2024 0:00,13,13,34.199,FHRx,A2,Auto,P997671,504865,193
581,15,13,19,19,18,19,25,18,17,21,,,,22,21,,,24,,,,2,"2024, YE",3/31/2024 0:00,24,24,6.4025,FHRx,F2,Auto,P762733,509227,229
584,,51,,53,,65,,59,,51,,52,,57,,61,,62,,,,5,"2024, YE",3/31/2024 0:00,62,63,0.0798,Public,CommonAuto,Auto,P0,510530,65
587,,26,,26,24,21,21,21,22,28,29,33,35,33,33,35,,,,,2,2,"2024, Q2",6/30/2024 0:00,35,35,1.5853,FHRx,"A3, HDM F0",Auto,P718841,200820,175
593,,26,,26,24,21,21,21,22,28,29,33,35,33,33,35,,,,,2,2,"2024, Q2",6/30/2024 0:00,35,35,1.5853,FHRx,A3,Auto,P718841,81456,
592,66,55,41,48,48,59,71,70,65,62,57,61,64,68,68,72,75,73,71,,-2,3,"2025, Q1",6/30/2024 0:00,71,71,0.0266,Public,"F3, HDM F3",Auto,P802994,202460,
598,66,55,41,48,48,59,71,70,65,62,57,61,64,68,68,72,75,73,71,,-2,3,"2025, Q1",6/30/2024 0:00,71,71,0.0266,Public,PU,Auto,P802994,201548,
597,66,55,41,48,48,59,71,70,65,62,57,61,64,68,68,72,75,73,71,,-2,3,"2025, Q1",6/30/2024 0:00,71,71,0.0266,Public,"A1, PU",Auto,P802994,500187,
599,,63,,58,,51,,,,36,36,,37,38,,,,,,,1,2,"2023, YE",12/31/2023 0:00,38,38,1.1216,FHRx,"A1, HDM A1",Auto,P316791,519141,198
601,,40,,,,27,,,,26,,,,15,,19,,21,,,,6,"2024, YE",3/31/2024 0:00,21,21,9.8403,FHRx,"A2, A3, F0, F2, HDM A3",Auto,P0,110480,311
603,,75,,,,,,,,78,,,,87,,,,77,,,,-10,"2024, YE",3/31/2024 0:00,77,77,0.0114,FHRx,A1,Auto,P665516,520159,243
604,68,48,39,35,34,31,31,31,28,29,27,27,28,27,26,27,27,27,25,,-2,-1,"2025, Q1",6/30/2024 0:00,25,27,5.5789,Public,"A2, A3",Auto,P534262,132507P,
607,,,,,,14,,,,14,,,,19,19,,,,,,0,,"2024, Q1",3/31/2024 0:00,19,19,13.2796,FHRx,"A2, A3",Auto,P534262,132507,315
610,28,,,51,,,32,34,,39,49,,72,69,,,,,,,-3,36,"2023, YE",12/31/2023 0:00,69,69,0.0344,FHRx,"A2, F2, HDM F2",Auto,P597444,505510,224
611,45,48,54,52,46,43,39,36,34,34,36,39,41,46,50,50,,,,,0,11,"2024, Q2",6/30/2024 0:00,50,50,0.3,Public,"F3, HDM F3",Auto,P451344,513264,78
616,50,52,59,70,50,60,57,51,,54,56,54,57,62,,,,,,,5,8,"2023, YE",12/31/2023 0:00,62,62,-,Public,A2,Auto,P952783,111330P,
620,39,30,31,31,32,44,48,50,51,49,50,49,48,47,50,57,59,59,59,,0,9,"2025, Q1",6/30/2024 0:00,59,62,0.1121,Public,F3,Auto,P182993,510247,45
624,,67,59,64,74,65,64,64,78,80,,,,79,,,,,,,,-1,"2023, YE",12/31/2023 0:00,79,79,0.0083,FHRx,F3,Auto,P660039,70930,
626,91,90,88,86,87,87,90,89,87,85,82,83,84,83,85,86,86,84,83,,-1,-2,"2025, Q1",6/30/2024 0:00,83,84,0.0041,Public,"F2, HDM F2",Auto,P527391,141350,
628,91,90,88,86,87,87,90,89,87,85,82,83,84,83,85,86,86,84,83,,-1,-2,"2025, Q1",6/30/2024 0:00,83,84,0.0041,Public,"F2, HDM F2",Auto,P527391,519712,
629,,,,,,,,,,49,,,,60,,,,80,,,,20,"2024, YE",3/31/2024 0:00,80,80,0.007,FHRx,"F3, HPE",Auto,P0,110781,
631,,,,,,70,,,,50,,,,37,,,,36,,,,-3,"2024, YE",3/31/2024 0:00,36,36,1.4109,FHRx,F3,Auto,P978153,520298P,318
634,,,,,,70,,,,50,,,,37,,,,36,,,,-3,"2024, YE",3/31/2024 0:00,36,36,1.4109,FHRx,F3,Auto,P978153,520298,
633,,22,,,,22,,,,21,,,,12,,13,,15,,,,3,"2024, YE",3/31/2024 0:00,15,15,24.8648,FHRx,F3,Auto,P978153,16220,302
635,,29,,,,29,28,,,22,,,,28,,,,,,,,6,"2023, YE",12/31/2023 0:00,28,28,3.7449,FHRx,A2,Auto,P393905,519746,181
637,,84,,85,,85,,89,,88,,89,,84,,86,,87,,,,3,"2024, YE",3/31/2024 0:00,87,87,0.0017,Public,F0,Auto,P822987,581283,146
638,,,,,,,,,,12,,,,13,,13,13,13,,,0,0,"2024, YE",3/31/2024 0:00,13,13,34.199,FHRx,A2,Auto,P785357,104479,312
642,,,,,,,,,,12,,,,13,,13,13,13,,,0,0,"2024, YE",3/31/2024 0:00,13,13,34.199,FHRx,A2,Auto,P785357,504860,
643,,,,,,,,,,12,,,,13,,13,13,13,,,0,0,"2024, YE",3/31/2024 0:00,13,13,34.199,FHRx,A2,Auto,P785357,504860P,128
641,,,,,,,,,,26,,,,25,,29,,33,,,,8,"2024, YE",3/31/2024 0:00,33,33,2.0101,FHRx,"A2, HDM A2",Auto,P785357,110310,314
644,,26,,,,30,,25,,19,,,,18,,24,21,26,54,,28,,"2025, Q1",6/30/2024 0:00,54,54,0.1945,FHRx,A2,Auto,P785357,504860P,128
646,,26,,,,30,,25,,19,,,,18,,24,21,26,54,,28,,"2025, Q1",6/30/2024 0:00,54,54,0.1945,FHRx,"A2, HDM A2",Auto,P785357,110310P,
645,,,,,,,,,,33,,,,35,,73,,77,,,,42,"2024, YE",3/31/2024 0:00,77,77,0.0114,FHRx,A2,Auto,P785357,111450,321
647,,66,,,,60,,,,27,,,,47,,,,71,,,,24,"2024, YE",3/31/2024 0:00,71,71,0.0266,FHRx,"A2, A3, F0, F2, HDM A3",Auto,P0,111460,309
648,,44,,,,36,,,,28,,,,21,,,,20,,,,-1,"2024, YE",3/31/2024 0:00,20,20,11.4135,FHRx,A3,Auto,P0,504859,270
649,35,28,30,29,32,64,70,74,73,74,71,71,69,72,71,71,71,66,62,,-4,-9,"2025, Q1",6/30/2024 0:00,62,63,0.0798,Public,F3,Auto,P225016,502569,
655,,96,,,,95,,,,95,96,,,95,,,,,,,,0,"2023, YE",12/31/2023 0:00,95,95,0.001,FHRx,A2,Auto,P0,515819,
658,60,61,65,79,74,67,61,57,61,65,66,68,70,71,69,70,,,,,1,2,"2024, Q2",6/29/2024 0:00,70,74,0.0303,Public,A3,Auto,P330226,50730,38
663,60,61,65,79,74,67,61,57,61,65,66,68,70,71,69,70,,,,,1,2,"2024, Q2",6/29/2024 0:00,70,74,0.0303,Public,A3,Auto,P330226,71286,
664,60,61,65,79,74,67,61,57,61,65,66,68,70,71,69,70,,,,,1,2,"2024, Q2",6/29/2024 0:00,70,74,0.0303,Public,F0,Auto,P330226,580435,
665,63,65,66,69,63,63,64,64,67,65,63,59,57,36,35,25,,,,,-10,-34,"2024, Q2",6/30/2024 0:00,25,61,5.5789,Public,A3,Auto,P0,584281,6
666,45,52,53,55,51,51,50,48,47,47,44,42,44,45,43,45,,,,,2,3,"2024, Q2",6/30/2024 0:00,45,46,0.5158,Public,F0,Auto,P376111,519619,36
669,77,82,84,88,88,86,85,80,78,82,82,78,77,76,76,76,,,,,0,-2,"2024, Q2",6/30/2024 0:00,76,76,0.0132,Public,A3,Auto,P889628,584515,20
674,77,82,84,88,88,86,85,80,78,82,82,78,77,76,76,76,,,,,0,-2,"2024, Q2",6/30/2024 0:00,76,76,0.0132,Public,F3,Auto,P889628,91090,
670,77,82,84,88,88,86,85,80,78,82,82,78,77,76,76,76,,,,,0,-2,"2024, Q2",6/30/2024 0:00,76,76,0.0132,Public,F3,Auto,P889628,520520,
671,77,82,84,88,88,86,85,80,78,82,82,78,77,76,76,76,,,,,0,-2,"2024, Q2",6/30/2024 0:00,76,76,0.0132,Public,"A1, PU",Auto,P889628,121330,
672,77,82,84,88,88,86,85,80,78,82,82,78,77,76,76,76,,,,,0,-2,"2024, Q2",6/30/2024 0:00,76,76,0.0132,Public,PU,Auto,P889628,593293,
675,77,82,84,88,88,86,85,80,78,82,82,78,77,76,76,76,,,,,0,-2,"2024, Q2",6/30/2024 0:00,76,76,0.0132,Public,PU,Auto,P889628,580059,
673,,,,,,,,,,22,,,,32,,,,83,,,,51,"2024, YE",3/31/2024 0:00,83,83,0.0041,FHRx,"A2, A3, F2",Auto,P374158,121990,234
678,67,68,57,54,54,52,50,47,52,54,53,52,52,56,53,51,,,,,-2,-1,"2024, Q2",6/30/2024 0:00,51,51,0.2693,Public,F0,Auto,P837301,507111,89
684,32,32,33,28,27,25,24,25,25,23,25,27,29,36,36,33,,,,,-3,6,"2024, Q2",6/30/2024 0:00,33,34,2.0101,Public,"Electrification, A3",Auto,P785636,591457,308
687,32,32,33,28,27,25,24,25,25,23,25,27,29,36,36,33,,,,,-3,6,"2024, Q2",6/30/2024 0:00,33,34,2.0101,Public,"Electrification, A3",Auto,P785636,591457,308
688,,,,,,32,,,,31,,34,,58,,,,,,,,27,"2023, YE",12/31/2023 0:00,58,58,0.1253,FHRx,A2,Auto,P330209,511466,273
689,,37,,,30,31,,47,54,45,,48,,53,,,,,,,,8,"2023, YE",12/31/2023 0:00,53,53,0.2168,FHRx,A1,Auto,P0,517369,158
692,,,,,,26,,,,31,,55,,92,,,,,,,,61,"2023, YE",12/31/2023 0:00,92,92,0.001,FHRx,"A1, HDM A1",Auto,P661778,132180,271
693,61,70,74,86,83,80,74,67,70,66,66,65,68,70,67,68,,,,,1,3,"2024, Q2",6/30/2024 0:00,68,75,0.039,Public,"F2, HDM A2",Auto,P666338,502963,21
700,61,70,74,86,83,80,74,67,70,66,66,65,68,70,67,68,,,,,1,3,"2024, Q2",6/30/2024 0:00,68,75,0.039,Public,"A2, F3, HDM A2",Auto,P666338,51109,
695,61,70,74,86,83,80,74,67,70,66,66,65,68,70,67,68,,,,,1,3,"2024, Q2",6/30/2024 0:00,68,75,0.039,Public,"A1, HDM F1",Auto,P666338,121150,
696,61,70,74,86,83,80,74,67,70,66,66,65,68,70,67,68,,,,,1,3,"2024, Q2",6/30/2024 0:00,68,75,0.039,Public,"A2, A3, F2",Auto,P666338,231420,
699,61,70,74,86,83,80,74,67,70,66,66,65,68,70,67,68,,,,,1,3,"2024, Q2",6/30/2024 0:00,68,75,0.039,Public,"F0, HDM F0",Auto,P666338,518204,
704,61,70,74,86,83,80,74,67,70,66,66,65,68,70,67,68,,,,,1,3,"2024, Q2",6/30/2024 0:00,68,75,0.039,Public,A1,Auto,P666338,510549,
703,61,70,74,86,83,80,74,67,70,66,66,65,68,70,67,68,,,,,1,3,"2024, Q2",6/30/2024 0:00,68,75,0.039,Public,A2,Auto,P666338,504275,
701,61,70,74,86,83,80,74,67,70,66,66,65,68,70,67,68,,,,,1,3,"2024, Q2",6/30/2024 0:00,68,75,0.039,Public,F2,Auto,P666338,577941,
706,61,70,74,86,83,80,74,67,70,66,66,65,68,70,67,68,,,,,1,3,"2024, Q2",6/30/2024 0:00,68,75,0.039,Public,A3,Auto,P666338,161742,
697,61,70,74,86,83,80,74,67,70,66,66,65,68,70,67,68,,,,,1,3,"2024, Q2",6/30/2024 0:00,68,75,0.039,Public,F2,Auto,P666338,507132,
702,61,70,74,86,83,80,74,67,70,66,66,65,68,70,67,68,,,,,1,3,"2024, Q2",6/30/2024 0:00,68,75,0.039,Public,"A2, F2",Auto,P666338,201735,
698,61,70,74,86,83,80,74,67,70,66,66,65,68,70,67,68,,,,,1,3,"2024, Q2",6/30/2024 0:00,68,75,0.039,Public,F0,Auto,P666338,583937,
708,,45,,,,36,,27,,29,,36,,40,,40,,,,,,4,"2024, Q2",6/30/2024 0:00,40,40,0.8948,FHRx,A3,Auto,P465948,512392,147
712,,45,,,,36,,27,,29,,36,,40,,40,,,,,,4,"2024, Q2",6/30/2024 0:00,40,40,0.8948,FHRx,"A1, F0, F2",Auto,P465948,595242,
718,,45,,,,36,,27,,29,,36,,40,,40,,,,,,4,"2024, Q2",6/30/2024 0:00,40,40,0.8948,FHRx,"A3, HDM F1",Auto,P465948,502350,
711,,45,,,,36,,27,,29,,36,,40,,40,,,,,,4,"2024, Q2",6/30/2024 0:00,40,40,0.8948,FHRx,A3,Auto,P465948,517582,
713,,45,,,,36,,27,,29,,36,,40,,40,,,,,,4,"2024, Q2",6/30/2024 0:00,40,40,0.8948,FHRx,GEN 2,Auto,P465948,589193,
717,,45,,,,36,,27,,29,,36,,40,,40,,,,,,4,"2024, Q2",6/30/2024 0:00,40,40,0.8948,FHRx,"A1, F3, HDM F1",Auto,P465948,201430,
710,,45,,,,36,,27,,29,,36,,40,,40,,,,,,4,"2024, Q2",6/30/2024 0:00,40,40,0.8948,FHRx,"A1, HDM F1",Auto,P465948,580039,
715,40,42,41,53,39,37,35,38,40,45,47,51,53,49,48,47,,,,,-1,-4,"2024, Q2",6/30/2024 0:00,47,52,0.4149,Public,"A2, F1",Auto,P908672,516148,
719,40,42,41,53,39,37,35,38,40,45,47,51,53,49,48,47,,,,,-1,-4,"2024, Q2",6/30/2024 0:00,47,52,0.4149,Public,"A2, HDM A2",Auto,P908672,519037,
720,31,32,,49,,44,,47,,33,,25,,28,27,,,,,,-1,,"2024, Q1",3/31/2024 0:00,27,27,4.2678,FHRx,"F3, HDM F3",Auto,P321640,502476P,
726,31,32,,49,,44,,47,,33,,25,,28,27,,,,,,-1,,"2024, Q1",3/31/2024 0:00,27,27,4.2678,FHRx,"F3, HDM F3",Auto,P321640,502476,
723,36,40,27,48,53,37,,,,75,,,,78,,,,,,,,3,"2023, YE",12/31/2023 0:00,78,78,0.0097,FHRx,A2,Auto,P493158,508818,251
731,36,40,27,48,53,37,,,,75,,,,78,,,,,,,,3,"2023, YE",12/31/2023 0:00,78,78,0.0097,FHRx,"A2, HDM A2",Auto,P493158,250221,
730,36,40,27,48,53,37,,,,75,,,,78,,,,,,,,3,"2023, YE",12/31/2023 0:00,78,78,0.0097,FHRx,A2,Auto,P493158,13007,
728,36,40,27,48,53,37,,,,75,,,,78,,,,,,,,3,"2023, YE",12/31/2023 0:00,78,78,0.0097,FHRx,A2,Auto,P493158,131760,
729,42,42,43,49,46,38,36,39,44,49,47,51,37,38,40,43,,,,,3,-8,"2024, Q2",6/30/2024 0:00,43,43,0.6416,Public,A2,Auto,P318160,33313,
733,,24,,,,29,,27,,20,,20,,19,19,,,,,,0,,"2024, Q1",3/31/2024 0:00,19,19,13.2796,FHRx,A2,Auto,P495003,521386,
734,,,,,,,,,,26,,,,34,32,28,,,,,-4,,"2024, Q2",6/30/2024 0:00,28,28,3.7449,FHRx,"A2, HDM A2",Auto,P403234,210540,
735,,,,,,,,,,26,,,,34,32,28,,,,,-4,,"2024, Q2",6/30/2024 0:00,28,28,3.7449,FHRx,A2,Auto,P403234,519197,210
736,57,53,52,47,46,40,42,42,41,50,40,39,39,40,38,38,38,39,38,,-1,0,"2025, Q1",6/30/2024 0:00,38,38,1.1216,Public,A3,Auto,P549245,580417P,214
743,50,48,,,,48,,,,36,,,,30,,,,,,,,-6,"2023, YE",12/31/2023 0:00,30,30,2.9043,FHRx,A3,Auto,P549245,580417,225
744,69,76,75,73,,63,77,79,83,88,,,88,87,,,,,,,-1,-1,"2023, YE",12/31/2023 0:00,87,87,0.0017,FHRx,"A3, F3",Auto,P989042,511895,260
752,,82,,,,64,,,,40,35,32,,31,33,,,,,,2,-2,"2024, Q1",3/31/2024 0:00,33,33,2.0101,FHRx,A1,Auto,P0,582481,130
758,,67,,,,53,,,,54,,,,73,,,,,,,,19,"2023, YE",12/31/2023 0:00,73,73,0.0203,FHRx,A3,Auto,P0,515009,244
761,96,95,,,,59,,,,57,,30,,27,,,29,,,,,,"2024, Q3",7/31/2024 0:00,29,57,3.2935,FHRx,A3,Auto,P116405,588963,
762,96,95,,,95,97,,96,,96,,,,97,,,,,,,,1,"2023, YE",12/31/2023 0:00,97,97,0.001,FHRx,A1,Auto,P0,132838,
765,,,,,,,,,,13,,13,,13,,17,,,,,,4,"2024, Q2",6/30/2024 0:00,17,17,18.111,FHRx,HDM F2,Auto,P232091,515604,231
767,49,52,48,47,46,47,49,53,52,57,50,49,48,52,49,46,46,46,45,,-1,-4,"2025, Q1",6/30/2024 0:00,45,45,0.5158,Public,CommonAuto,Auto,P382827,577033,
768,49,52,48,47,46,47,49,53,52,57,50,49,48,52,49,46,46,46,45,,-1,-4,"2025, Q1",6/30/2024 0:00,45,45,0.5158,Public,HDM F0,Auto,P382827,519666,
770,43,34,32,36,38,45,59,57,45,43,39,39,48,48,53,57,65,60,71,,11,18,"2025, Q1",6/30/2024 0:00,71,75,0.0266,Public,"A1, F0, F2, HDM F1",Auto,P629451,032380P,93
772,59,63,56,59,60,64,66,66,62,60,56,55,53,56,56,59,58,62,63,,1,7,"2025, Q1",6/30/2024 0:00,63,63,0.0711,Public,"A1, F0, F2, GEN 2, HDM F1",Auto,P107189,132070,
779,37,31,27,27,27,35,36,38,38,46,41,45,41,43,42,42,43,53,51,,-2,9,"2025, Q1",6/30/2024 0:00,51,51,0.2693,Public,A1,Auto,P855797,520028,41
784,31,30,29,32,32,32,34,33,46,52,47,51,49,53,51,51,49,48,48,,0,-3,"2025, Q1",6/30/2024 0:00,48,52,0.3724,Public,"F3, CommonAuto",Auto,P810282,180330,103
785,31,30,29,32,32,32,34,33,46,52,47,51,49,53,51,51,49,48,48,,0,-3,"2025, Q1",6/30/2024 0:00,48,52,0.3724,Public,F3,Auto,P810282,500312,
787,74,74,74,73,73,74,74,74,75,75,75,76,77,74,74,73,73,74,76,,2,2,"2025, Q1",6/30/2024 0:00,76,76,0.0132,Public,A1,Auto,P299121,131720,
789,45,42,43,50,42,62,73,73,73,70,69,66,59,45,33,34,36,57,71,,14,38,"2025, Q1",6/30/2024 0:00,71,73,0.0266,Public,"A3, F2, HDM F2",Auto,P927404,131820,54
794,93,91,91,,,76,,,,93,,94,,96,,,,,,,,3,"2023, YE",11/30/2023 0:00,96,96,0.001,FHRx,A1,Auto,P0,511673,174
798,54,53,50,50,53,51,53,54,51,53,51,50,51,50,50,51,52,53,54,,1,4,"2025, Q1",6/30/2024 0:00,54,56,0.1945,Public,"A2, A3, F2, HDM A3",Auto,P374158,070740P,132
801,54,53,50,50,53,51,53,54,51,53,51,50,51,50,50,51,52,53,54,,1,4,"2025, Q1",6/30/2024 0:00,54,56,0.1945,Public,"A2, A3, F2",Auto,P374158,121990P,
802,54,53,50,50,53,51,53,54,51,53,51,50,51,50,50,51,52,53,54,,1,4,"2025, Q1",6/30/2024 0:00,54,56,0.1945,Public,"A2, A3, F2",Auto,P374158,504856P,
803,,,,,,,,,,37,,,,23,,22,,24,,,,1,"2024, YE",3/31/2024 0:00,24,24,6.4025,FHRx,"A2, A3, F2",Auto,P374158,504856,288
805,,,,,,,,,,37,,,,23,,22,,24,,,,1,"2024, YE",3/31/2024 0:00,24,24,6.4025,FHRx,"A2, A3, F2",Auto,P374158,504856,288
804,,53,,86,,80,,,,39,42,,,82,,,,,,,,43,"2023, YE",12/31/2023 0:00,82,82,0.0049,FHRx,"A2, GEN 2",Auto,P0,586327,187
806,,64,,,,62,,,,62,,,,62,,,,,,,,0,"2023, YE",12/31/2023 0:00,62,62,0.0798,FHRx,F3,Auto,P0,519139,
808,86,88,85,82,83,85,88,88,87,85,85,85,85,88,88,88,89,88,88,,0,0,"2025, Q1",6/30/2024 0:00,88,88,0.0014,Public,"F2, HDM F2",Auto,P413962,507535P,204
811,,,,,,,,,,56,,,,75,,,,,,,,19,"2023, YE",12/31/2023 0:00,75,75,0.0153,FHRx,"F2, HDM F2",Auto,P413962,507535,291
812,85,81,71,69,72,76,87,89,87,81,79,77,72,69,73,74,78,82,82,,0,9,"2025, Q1",6/30/2024 0:00,82,82,0.0049,Public,"PU, HDM A2",Auto,P336948,503103,
814,,,,,,51,,,,37,,,,44,,43,,61,,,,17,"2024, YE",3/31/2024 0:00,61,61,0.0895,FHRx,"A1, F3, HDM A1",Auto,P706627,500499,
816,,,,,,,,,,59,,,,81,,,,84,,,,3,"2024, YE",3/31/2024 0:00,84,84,0.0034,FHRx,"PU, HDM A1",Auto,P706627,519204,256
817,,,,,,,,,,25,,,,28,32,,,61,,,,33,"2024, YE",3/31/2024 0:00,61,61,0.0895,FHRx,"A1, PU, HDM A1",Auto,P706627,201170,283
818,61,39,32,40,41,60,69,63,58,53,49,51,50,48,52,54,63,60,65,,,13,"2025, Q1",6/30/2024 0:00,65,68,0.0562,Public,"A1, F3, HDM A1",Auto,P706627,500499P,
821,61,39,32,40,41,60,69,63,58,53,49,51,50,48,52,54,63,60,65,,,13,"2025, Q1",6/30/2024 0:00,65,68,0.0562,Public,"PU, HDM A1",Auto,P706627,519204P,
822,61,39,32,40,41,60,69,63,58,53,49,51,50,48,52,54,63,60,65,,,13,"2025, Q1",6/30/2024 0:00,65,68,0.0562,Public,"A1, PU, HDM A1",Auto,P706627,201170P,
820,42,45,44,48,49,52,52,53,52,48,47,46,44,43,42,43,,,,,1,-3,"2024, Q2",5/31/2024 0:00,43,43,0.6416,Public,PU,Auto,P478677,519769,74
823,22,22,37,25,20,16,,,,17,17,23,29,38,35,,,,,,-3,18,"2024, Q1",3/31/2024 0:00,35,35,1.5853,FHRx,"A2, A3, F2",Auto,P721593,140320,257
826,,58,,,,41,,,,39,,38,,42,,,,,,,,3,"2023, YE",12/31/2023 0:00,42,42,0.7165,FHRx,A1,Auto,P387114,586430,
829,,58,,,,41,,,,39,,38,,42,,,,,,,,3,"2023, YE",12/31/2023 0:00,42,42,0.7165,FHRx,A1,Auto,P387114,520326,
827,,,,,,,,,,12,,,,14,,14,,18,,,,4,"2024, YE",3/31/2024 0:00,18,18,15.489,FHRx,F3,Auto,P895034,132280,326
832,,71,,,,,,,,31,,,,46,,,,79,,,,33,"2024, YE",3/31/2024 0:00,79,79,0.0083,FHRx,"F0, HDM F0",Auto,P735124,140480,
834,,66,,,65,67,,45,,35,,36,38,40,,,,,,,2,5,"2023, YE",12/31/2023 0:00,40,40,0.8948,FHRx,"A2, F2, F3",Auto,P630449,519025,280
836,,44,,,64,42,,,,42,,,,52,,,,,,,,10,"2023, YE",12/31/2023 0:00,52,52,0.2416,FHRx,CommonAuto,Auto,P630449,505075,284
837,,64,,,42,40,,31,,57,,,,71,,,,,,,,14,"2023, YE",12/31/2023 0:00,71,71,0.0266,FHRx,"A1, A2, F2, F3, HDM A2",Auto,P630449,140550,277
839,,,,,,,,,,14,,,,15,,11,,13,,,,-2,"2024, YE",3/31/2024 0:00,13,13,34.199,FHRx,F3,Auto,P895034,509388,324
841,58,69,59,47,61,64,74,76,74,73,77,80,79,71,70,70,70,82,84,,2,14,"2025, Q1",6/30/2024 0:00,84,85,0.0034,Public,F3,Auto,P895034,132280P,
845,58,69,59,47,61,64,74,76,74,73,77,80,79,71,70,70,70,82,84,,2,14,"2025, Q1",6/30/2024 0:00,84,85,0.0034,Public,A1,Auto,P895034,509388P,
842,58,69,59,47,61,64,74,76,74,73,77,80,79,71,70,70,70,82,84,,2,14,"2025, Q1",6/30/2024 0:00,84,85,0.0034,Public,"A1, HDM A1",Auto,P895034,203750,
846,,15,,,,,,,,12,,,,15,,,,17,,,,2,"2024, YE",3/31/2024 0:00,17,17,18.111,FHRx,A1,Auto,P895034,580698,327
849,72,68,69,74,76,80,78,78,78,80,80,81,81,83,83,83,,,,,0,2,"2024, Q2",6/30/2024 0:00,83,83,0.0041,Public,"A3, F3, HDM F3",Auto,P398360,140858,182
852,72,68,69,74,76,80,78,78,78,80,80,81,81,83,83,83,,,,,0,2,"2024, Q2",6/30/2024 0:00,83,83,0.0041,Public,"F3, HDM F3",Auto,P398360,140450,
851,43,46,37,46,48,55,56,54,52,50,48,48,46,41,44,43,44,50,48,,-2,4,"2025, Q1",6/30/2024 0:00,48,48,0.3724,Public,"F0, HDM F0",Auto,P439940,140823P,
854,43,46,37,46,48,55,56,54,52,50,48,48,46,41,44,43,44,50,48,,-2,4,"2025, Q1",6/30/2024 0:00,48,48,0.3724,Public,"F0, F2, HDM F2",Auto,P439940,150792,
855,43,46,37,46,48,55,56,54,52,50,48,48,46,41,44,43,44,50,48,,-2,4,"2025, Q1",6/30/2024 0:00,48,48,0.3724,Public,"A1, PU, HDM F1",Auto,P439940,577326,
856,,82,,,,,,63,,62,,,,85,,,,53,,,,-32,"2024, YE",3/31/2024 0:00,53,53,0.2168,FHRx,"F0, HDM F0",Auto,P439940,140823,
858,88,87,89,86,87,88,90,91,91,88,88,87,88,88,90,90,90,87,88,,1,-2,"2025, Q1",6/30/2024 0:00,88,92,0.0014,Public,"A1, A3, F2, F3, GEN 2, HDM A3",Auto,P389851,90490,
860,78,78,76,76,76,78,80,81,80,78,78,78,78,79,78,78,78,79,80,,,2,"2025, Q1",6/30/2024 0:00,80,80,0.007,Public,PU,Auto,P242085,200190,
862,74,65,53,47,46,41,47,42,39,33,32,32,31,36,36,36,43,56,58,,2,22,"2025, Q1",6/30/2024 0:00,58,58,0.1253,Public,"A2, A3, F2",Auto,P366315,140320P,145
864,79,79,79,79,81,79,82,82,80,80,80,78,78,78,79,80,79,78,75,,-3,-4,"2025, Q1",6/30/2024 0:00,75,75,0.0153,Public,F3,Auto,P185927,591527,129
869,85,83,84,85,84,77,80,75,76,74,72,73,73,73,76,74,,,,,-2,1,"2024, Q2",6/30/2024 0:00,74,74,0.0177,Public,A3,Auto,P551608,578384,117
870,34,42,44,53,43,35,36,31,34,39,41,45,47,48,55,56,,,,,,11,"2024, Q2",6/30/2024 0:00,56,56,0.1563,Public,"A3, HDM F0",Auto,P718841,200820P,106
872,34,42,44,53,43,35,36,31,34,39,41,45,47,48,55,56,,,,,,11,"2024, Q2",6/30/2024 0:00,56,56,0.1563,Public,A3,Auto,P718841,081456P,
871,59,54,53,53,54,53,54,55,53,56,52,48,45,46,45,46,49,50,50,,0,5,"2025, Q1",6/30/2024 0:00,50,51,0.3,Public,A0,Auto,P932923,578035P,
878,53,54,47,36,38,40,58,67,66,66,65,64,62,64,68,,,,,,,3,"2024, Q1",6/30/2023 0:00,68,68,0.039,Public,"A1, HDM A1",Auto,P891890,141820,92
880,67,63,56,51,54,59,65,61,51,42,41,40,51,52,60,71,74,76,75,,-1,15,"2025, Q1",6/30/2024 0:00,75,75,0.0153,Public,"F0, HDM F0",Auto,P735124,140480P,
882,28,25,22,22,23,23,24,25,25,27,26,23,21,23,22,30,30,25,23,,-2,1,"2025, Q1",6/30/2024 0:00,23,23,7.3713,Public,"F2, HDM F2",Auto,P750271,210721,62
884,,34,32,30,34,42,48,61,69,72,70,70,69,69,61,61,60,64,59,,-5,-2,"2025, Q1",6/30/2024 0:00,59,62,0.1121,Public,A1,Auto,P969376,91080,42
886,,61,,76,,59,,73,,74,,,,62,,,,,,,,-12,"2023, YE",12/31/2023 0:00,62,62,0.0798,FHRx,A1,Auto,P0,517838,235
889,43,45,37,39,40,36,,,,24,,13,,22,57,,,,,,35,,"2024, Q1",3/31/2024 0:00,57,57,0.14,FHRx,"F2, HDM F2",Auto,P311455,140470,242
890,82,80,74,69,70,73,78,78,75,65,56,50,48,53,59,62,71,76,,,5,23,"2024, YE",3/31/2024 0:00,76,78,0.0132,Public,"F2, HDM F2",Auto,P250737,140470P,156
891,,25,,,,31,,,,26,,,,24,,24,,57,,,,33,"2024, YE",1/31/2024 0:00,57,57,0.14,FHRx,"A2, A3",Auto,P745742,120690,227
893,,26,,26,,25,,32,,27,,27,,25,,26,,37,41,,4,,"2025, Q1",4/30/2024 0:00,41,41,0.8004,FHRx,"A2, A3",Auto,P745742,120690P,247
894,81,82,,,80,81,85,87,87,85,88,89,89,88,88,88,89,90,90,,0,2,"2025, Q1",6/30/2024 0:00,90,90,0.001,Public,HDM A1,Auto,P112482,521740,53
900,81,82,,,80,81,85,87,87,85,88,89,89,88,88,88,89,90,90,,0,2,"2025, Q1",6/30/2024 0:00,90,90,0.001,Public,"A1, HDM F1",Auto,P112482,142100,
899,73,73,72,72,72,72,72,74,75,75,74,74,74,76,75,75,75,74,74,,,-1,"2025, Q1",6/30/2024 0:00,74,74,0.0177,Public,"A1, HDM A1",Auto,P332568,210610P,112
901,,,,,,53,,,73,74,71,69,69,70,71,74,76,72,68,,,-3,"2025, Q1",6/30/2024 0:00,68,68,0.039,Public,"A1, HDM A1",Auto,P332568,210610,107
902,79,80,80,79,82,84,85,87,87,87,85,86,88,88,85,83,84,86,86,,0,1,"2025, Q1",6/30/2024 0:00,86,86,0.0022,Public,"A3, HDM A3",Auto,P942607,161395,46
903,54,55,53,52,53,57,69,74,72,72,72,71,72,64,65,63,64,67,72,,5,7,"2025, Q1",6/30/2024 0:00,72,79,0.0233,Public,A1,Auto,P382054,521771P,
907,62,60,66,80,81,79,76,71,66,68,63,64,74,75,76,76,,,,,0,12,"2024, Q2",6/30/2024 0:00,76,76,0.0132,Public,A1,Auto,P898479,505067,83
908,,26,,29,,23,22,23,33,32,24,25,,42,,,,,,,,10,"2023, YE",12/31/2023 0:00,42,42,0.7165,FHRx,"A1, HDM F1",Auto,P957075,511643,
911,,26,,29,,23,22,23,33,32,24,25,,42,,,,,,,,10,"2023, YE",12/31/2023 0:00,42,42,0.7165,FHRx,A1,Auto,P957075,12533,
910,,57,,,,67,,,,86,86,88,89,90,90,90,89,86,85,,-1,-5,"2025, Q1",6/30/2024 0:00,85,85,0.0027,Public,A3,Auto,P189864,579773,197
912,56,55,41,41,41,45,51,51,49,47,49,50,51,49,53,53,52,35,37,,2,-16,"2025, Q1",6/30/2024 0:00,37,37,1.257,Public,"F3, PU, HDM F3",Auto,P159885,140904,
915,56,55,41,41,41,45,51,51,49,47,49,50,51,49,53,53,52,35,37,,2,-16,"2025, Q1",6/30/2024 0:00,37,37,1.257,Public,"F3, HDM F3",Auto,P159885,140650,
914,30,27,26,25,27,32,37,37,31,31,29,31,35,34,36,38,39,38,38,,0,2,"2025, Q1",6/30/2024 0:00,38,39,1.1216,Public,"A1, F3, PU, HDM F3",Auto,P425648,140660,
918,41,29,17,,20,,,,,20,,,,34,36,,,69,,,,35,"2024, YE",3/31/2024 0:00,69,69,0.0344,FHRx,A1,Auto,P205899,521771,
926,,,,,,,,,,,,,,,30,,,,,,,,"2024, Q1",3/31/2024 0:00,30,30,2.9043,FHRx,"A2, A3, F2, HDM A3",Auto,P373394,090200P,
929,,82,,71,,33,35,40,,58,55,,39,37,34,,,,,,-3,-21,"2024, Q1",3/31/2024 0:00,34,34,1.784,FHRx,HDM A3,Auto,P0,521215,188
932,,82,,71,,33,35,40,,58,55,,39,37,34,,,,,,-3,-21,"2024, Q1",3/31/2024 0:00,34,34,1.784,FHRx,A3,Auto,P0,140901,
931,90,89,88,86,85,85,86,88,87,85,84,83,83,82,79,78,77,82,82,,0,3,"2025, Q1",6/30/2024 0:00,82,82,0.0049,Public,"A1, HDM A1",Auto,P490107,60670,
936,75,76,76,76,75,72,73,74,74,76,76,75,76,77,78,79,79,78,80,,2,2,"2025, Q1",6/30/2024 0:00,80,81,0.007,Public,"F3, HDM F3",Auto,P899095,150708,
940,,,,,,54,,,,55,,,,,,,,,,,,1,"2022, YE",12/31/2022 0:00,55,55,0.1744,FHRx,"Electrification, F1",Auto,P0,583567,268
943,,,,,,54,,,,55,,,,,,,,,,,,1,"2022, YE",12/31/2022 0:00,55,55,0.1744,FHRx,"Electrification, F1",Auto,P0,583567,268
944,81,79,82,81,82,82,84,84,84,71,76,75,77,71,74,69,47,43,42,,-1,-32,"2025, Q1",6/30/2024 0:00,42,42,0.7165,Public,"F2, HDM F2",Auto,P431023,588900,
947,,,,,,74,,,,41,,86,,87,,,,,,,,46,"2023, YE",9/30/2023 0:00,87,87,0.0017,FHRx,"A1, PU, HDM A1",Auto,P0,500939,
951,,78,,,,66,,,,72,,,,83,,,,,,,,11,"2023, YE",12/31/2023 0:00,83,83,0.0041,FHRx,A1,Auto,P0,150600,
953,28,30,,,,28,,,,30,,,,,,,,,,,,2,"2022, YE",12/31/2022 0:00,30,30,2.9043,FHRx,"F3, HDM A2",Auto,P673611,151520,328
955,63,51,50,55,58,67,71,79,81,82,80,80,80,80,82,81,,,,,-1,1,"2024, Q2",6/30/2024 0:00,81,81,0.0059,Public,"A2, F2, F3, HDM A2",Auto,P375711,021320P,14
957,63,51,50,55,58,67,71,79,81,82,80,80,80,80,82,81,,,,,-1,1,"2024, Q2",6/30/2024 0:00,81,81,0.0059,Public,"A2, HDM A2",Auto,P375711,520020,
960,79,76,66,67,72,76,82,81,81,78,77,77,76,76,78,81,81,78,79,,1,1,"2025, Q1",6/30/2024 0:00,79,85,0.0083,Public,"A1, F3, HDM F0",Auto,P212060,510256,150
961,50,48,41,41,44,48,52,44,42,44,43,46,45,47,49,49,52,51,48,,-3,-1,"2025, Q1",6/30/2024 0:00,48,48,0.3724,Public,PU,Auto,P574123,591674,140
971,50,48,41,41,44,48,52,44,42,44,43,46,45,47,49,49,52,51,48,,-3,-1,"2025, Q1",6/30/2024 0:00,48,48,0.3724,Public,PU,Auto,P574123,591655,
970,50,48,41,41,44,48,52,44,42,44,43,46,45,47,49,49,52,51,48,,-3,-1,"2025, Q1",6/30/2024 0:00,48,48,0.3724,Public,"A1, F0, HDM F0",Auto,P574123,160610,
968,48,48,50,47,37,34,35,34,34,37,40,43,49,58,60,61,,,,,1,18,"2024, Q2",6/30/2024 0:00,61,61,0.0895,Public,"F2, HDM F3",Auto,P457285,511897,12
972,64,65,66,70,71,74,73,69,68,64,58,57,60,63,63,66,67,68,,,1,5,"2024, YE",6/30/2024 0:00,68,69,0.039,Public,CommonAuto,Auto,P658210,519118,
976,57,64,49,58,53,66,42,43,46,49,,55,,55,,,,,,,,6,"2023, YE",9/30/2023 0:00,55,55,0.1744,FHRx,A2,Auto,P0,519652,
987,,80,,88,,88,,82,,85,,84,,55,,27,,,,,,-57,"2024, Q2",6/30/2024 0:00,27,27,4.2678,Public,A1,Auto,P318484,520424,127
995,89,87,89,88,87,87,87,88,87,86,85,84,84,84,83,84,84,85,84,,-1,1,"2025, Q1",6/30/2024 0:00,84,84,0.0034,Public,"A3, HDM A3",Auto,P365379,161400,118
996,,,,,,66,,,,56,,,,48,60,,,62,,,,14,"2024, YE",3/31/2024 0:00,62,62,0.0798,FHRx,"F0, HDM F0",Auto,P793437,161020,189
997,34,39,,40,,44,,45,,50,,47,,52,,47,,,,,,0,"2024, Q2",6/30/2024 0:00,47,50,0.4149,Public,"A1, F3",Auto,P178180,583863,39
998,,76,,71,,42,,,,61,64,,,73,,,,,,,,12,"2023, YE",12/31/2023 0:00,73,73,0.0203,FHRx,A3,Auto,P891890,090923P,183
1000,,76,,71,,42,,,,61,64,,,73,,,,,,,,12,"2023, YE",12/31/2023 0:00,73,73,0.0203,FHRx,F3,Auto,P891890,503400,
1001,,76,,71,,42,,,,61,64,,,73,,,,,,,,12,"2023, YE",12/31/2023 0:00,73,73,0.0203,FHRx,"F3, HDM A1",Auto,P891890,90923,
999,,36,,,30,25,,,17,18,18,18,,19,18,18,,,,,0,0,"2024, Q2",6/30/2024 0:00,18,18,15.489,FHRx,"A2, HDM A3",Auto,P403234,203210,135
1002,53,68,63,73,69,59,49,42,51,44,43,40,38,40,39,44,,,,,5,4,"2024, Q2",6/30/2024 0:00,44,44,0.5751,Public,A2,Auto,P681782,521406,98
1006,,,,,,25,,,,22,,,,22,,21,,,,,,,"2024, Q2",9/30/2023 0:00,21,21,9.8403,FHRx,F3,Auto,P771900,82610,
1013,,,,,,,,,,44,,,,37,,,35,32,29,,-3,,"2025, Q1",6/30/2024 0:00,29,37,3.2935,FHRx,F3,Auto,P771900,082610P,331
1015,,,,,,,,,,44,,,,37,,,35,32,29,,-3,,"2025, Q1",6/30/2024 0:00,29,37,3.2935,FHRx,"A1, F3, HDM A1",Auto,P771900,81722,
1016,,,,,,,,,,44,,,,37,,,35,32,29,,-3,,"2025, Q1",6/30/2024 0:00,29,37,3.2935,FHRx,"F0, F3",Auto,P771900,82610,
1018,,,,,,,,,,44,,,,37,,,35,32,29,,-3,,"2025, Q1",6/30/2024 0:00,29,37,3.2935,FHRx,"F0, F3",Auto,P771900,82610,
1019,74,,,,,80,,,,84,,,,85,,,,,,,,1,"2023, YE",12/31/2023 0:00,85,85,0.0027,FHRx,A2,Auto,P0,517691,
1024,,86,,,,78,,,,94,,,,43,,,,,,,,-51,"2023, YE",12/31/2023 0:00,43,43,0.6416,FHRx,A3,Auto,P0,519707,115
1026,,79,,,,83,,,,42,,,,44,39,,,,,,-5,,"2024, Q1",12/30/2023 0:00,39,39,1.0013,FHRx,A3,Auto,P0,507817,253
1028,32,32,32,33,35,43,41,42,42,40,40,40,42,32,37,42,,,,,5,2,"2024, Q2",6/30/2024 0:00,42,43,0.7165,Public,HDM F3,Auto,P537216,587133,51
1037,32,32,32,33,35,43,41,42,42,40,40,40,42,32,37,42,,,,,5,2,"2024, Q2",6/30/2024 0:00,42,43,0.7165,Public,"A1, HDM A1",Auto,P537216,191910,
1036,,46,,,,23,,,,17,,,,17,,48,67,79,,,12,62,"2024, YE",3/31/2024 0:00,79,79,0.0083,FHRx,PU,Auto,P987660,501972,292
1038,79,79,78,75,75,70,78,80,80,80,78,78,81,84,81,,,,,,,3,"2024, Q1",6/30/2023 0:00,81,83,0.0059,Public,HDM A1,Auto,P854811,521487P,108
1041,79,79,78,75,75,70,78,80,80,80,78,78,81,84,81,,,,,,,3,"2024, Q1",6/30/2023 0:00,81,83,0.0059,Public,"A1, PU, HDM A1",Auto,P854811,181264,
1040,,,,42,,,61,,,,,,,49,,,,56,,,,7,"2024, YE",3/31/2024 0:00,56,56,0.1563,FHRx,"F2, HDM F3",Auto,P108319,510119,259
1043,,72,,,,74,,,,66,,,,73,,,,,,,,7,"2023, YE",12/31/2023 0:00,73,73,0.0203,Public,F3,Auto,P233450,519381,71
1048,,72,,,,74,,,,66,,,,73,,,,,,,,7,"2023, YE",12/31/2023 0:00,73,73,0.0203,Public,"F0, F2, F3, PU, HDM F3",Auto,P233450,181156,
1047,,33,,,,42,,,,30,,,,35,,,,,,,,5,"2023, YE",12/31/2023 0:00,35,35,1.5853,FHRx,A2,Auto,P0,521751,139
1050,,45,,,,41,,,,47,,,,74,,,,,,,,27,"2023, YE",12/31/2023 0:00,74,74,0.0177,FHRx,"A1, A2, GEN 2, HDM A1",Auto,P785669,181050,
1052,,15,,,,13,,,23,17,,,,27,,,,,,,,10,"2023, YE",3/31/2023 0:00,27,27,4.2678,FHRx,"A1, HDM F1",Auto,P518984,60848,
1055,,,,,,75,,,58,46,,,78,87,,,,,,,9,41,"2023, YE",12/31/2023 0:00,87,87,0.0017,FHRx,A2,Auto,P0,510551,217
1058,34,36,38,36,36,34,33,33,33,42,41,43,46,47,49,50,,,,,,7,"2024, Q2",6/30/2024 0:00,50,51,0.3,Public,F3,Auto,P922721,512065,101
1067,,64,,77,,69,,62,,45,,,,40,,,,,,,,-5,"2023, YE",12/31/2023 0:00,40,40,0.8948,FHRx,"A1, HDM F1",Auto,P224302,515922,246
1074,75,76,76,78,79,79,80,80,80,79,78,76,73,70,70,72,,,,,2,-4,"2024, Q2",6/30/2024 0:00,72,72,0.0233,Public,F0,Auto,P444114,586934,31
1077,,73,,50,,65,,73,,53,,51,,65,,60,,69,,,,4,"2024, YE",3/31/2024 0:00,69,70,0.0344,Public,"F2, HDM A2",Auto,P542816,500045P,70
1080,,73,,50,,65,,73,,53,,51,,65,,60,,69,,,,4,"2024, YE",3/31/2024 0:00,69,70,0.0344,Public,"F3, HDM A2",Auto,P542816,502823P,126
1081,,73,,50,,65,,73,,53,,51,,65,,60,,69,,,,4,"2024, YE",3/31/2024 0:00,69,70,0.0344,Public,"F2, F3",Auto,P542816,504857,
1082,29,28,27,23,23,18,30,29,28,26,26,27,26,28,27,27,,,,,0,0,"2024, Q2",6/30/2024 0:00,27,27,4.2678,Public,"A3, HDM F1",Auto,P0,192569,136
1084,,,,,,17,,14,,17,17,18,,38,,,,,,,,21,"2023, YE",12/31/2023 0:00,38,38,1.1216,FHRx,"F3, HDM F3",Auto,P964743,81140,295
1090,36,60,58,36,53,67,81,87,75,54,41,37,37,42,47,60,68,70,76,,6,29,"2025, Q1",6/30/2024 0:00,76,76,0.0132,Public,"A1, F3, HDM F3",Auto,P964743,081140P,
1092,36,60,58,36,53,67,81,87,75,54,41,37,37,42,47,60,68,70,76,,6,29,"2025, Q1",6/30/2024 0:00,76,76,0.0132,Public,HDM F3,Auto,P964743,194160P,
1093,,,,,,,,,,47,,,,68,,,,,,,,21,"2023, YE",12/31/2023 0:00,68,68,0.039,FHRx,HDM F3,Auto,P964743,194160,301
1094,51,55,65,80,85,84,80,76,76,79,72,75,75,68,71,66,,,,,,-9,"2024, Q2",6/30/2024 0:00,66,66,0.0498,Public,GEN 2,Auto,P110667,589296,
1103,51,55,65,80,85,84,80,76,76,79,72,75,75,68,71,66,,,,,,-9,"2024, Q2",6/30/2024 0:00,66,66,0.0498,Public,"A1, F3, HDM F1",Auto,P110667,582640,
1100,51,55,65,80,85,84,80,76,76,79,72,75,75,68,71,66,,,,,,-9,"2024, Q2",6/30/2024 0:00,66,66,0.0498,Public,"A1, F3, PU, GEN 2, HDM F1",Auto,P110667,91290,
1098,51,55,65,80,85,84,80,76,76,79,72,75,75,68,71,66,,,,,,-9,"2024, Q2",6/30/2024 0:00,66,66,0.0498,Public,PU,Auto,P110667,585055,
1101,,69,,,,84,,,82,49,53,,,60,,,,,,,,11,"2023, YE",12/31/2023 0:00,60,60,0.1002,FHRx,A2,Auto,P0,508408,
1107,73,75,71,71,68,68,71,72,69,69,68,69,72,73,74,74,73,74,73,,-1,-1,"2025, Q1",6/30/2024 0:00,73,73,0.0203,Public,A3,Auto,P893748,510590P,142
1108,79,81,66,52,72,74,50,50,74,70,70,,,70,,,,,,,,0,"2023, YE",12/31/2023 0:00,70,70,0.0303,FHRx,A3,Auto,P893748,510590,276
1109,,41,,53,,58,,56,,62,,64,,61,,58,,,,,,-6,"2024, Q2",6/30/2024 0:00,58,58,0.1253,Public,F3,Auto,P397518,577942,29
1114,51,44,54,57,58,57,55,52,52,50,53,55,53,45,45,40,,,,,-5,-15,"2024, Q2",6/30/2024 0:00,40,46,0.8948,Public,"A1, A3, GEN 2, HDM F1",Auto,P862094,201540,
1116,,67,,,,84,,,,25,,36,,63,,,,,,,,38,"2023, YE",12/31/2023 0:00,63,63,0.0711,FHRx,"A2, A3, F2, HDM A3",Auto,P0,192445,157
1117,88,89,90,91,90,82,84,83,80,83,80,79,83,89,92,91,,,,,-1,12,"2024, Q2",6/30/2024 0:00,91,91,0.001,Public,A3,Auto,P491003,584538,
1123,25,23,26,28,27,34,28,25,23,26,25,24,27,28,26,30,,,,,4,6,"2024, Q2",6/30/2024 0:00,30,30,2.9043,Public,"A2, A3",Auto,P547247,583417P,137
1125,61,60,,,66,76,,68,70,68,,,,52,,32,,,,,,,"2024, Q2",6/30/2024 0:00,32,32,2.2681,FHRx,"A2, F2, HDM A2",Auto,P599352,192962,179
1127,,,64,42,55,59,57,57,,83,,,,85,,,,,,,,2,"2023, YE",12/31/2023 0:00,85,85,0.0027,FHRx,A2,Auto,P599352,519181,330
1128,51,66,55,59,,42,47,51,,67,,,,38,40,,,,,,2,,"2024, Q1",3/31/2024 0:00,40,40,0.8948,FHRx,F0,Auto,P897970,193180,
1130,49,50,45,34,34,35,36,45,45,54,54,50,50,46,48,49,48,47,48,,1,0,"2025, Q1",6/30/2024 0:00,48,48,0.3724,Public,F0,Auto,P897970,193180P,
1132,,82,,83,,82,,80,,84,,67,,73,,74,,,,,,7,"2024, Q2",6/30/2024 0:00,74,74,0.0177,Public,HDM A3,Auto,P865444,520568,59
1136,,82,,83,,82,,80,,84,,67,,73,,74,,,,,,7,"2024, Q2",6/30/2024 0:00,74,74,0.0177,Public,"A2, HDM A3",Auto,P865444,101034,
1134,,82,,83,,82,,80,,84,,67,,73,,74,,,,,,7,"2024, Q2",6/30/2024 0:00,74,74,0.0177,Public,"A2, HDM A3",Auto,P865444,509591,
1135,32,36,41,,,61,,61,62,67,,71,,79,,,,,,,,12,"2023, YE",12/31/2023 0:00,79,82,0.0083,Public,GEN 2,Auto,P995555,583828,64
1141,,,,,,,,,,,,,,40,,,,79,,,,39,"2024, YE",3/31/2024 0:00,79,79,0.0083,FHRx,F3,Auto,P0,519011,320
1148,57,53,54,42,42,41,35,54,55,57,59,60,63,61,55,51,,,,,-4,-9,"2024, Q2",6/30/2024 0:00,51,57,0.2693,Public,"A2, A3, HDM A3",Auto,P668552,33198,2
1149,57,58,57,55,56,58,51,50,50,50,49,49,49,49,47,46,47,51,48,,-3,1,"2025, Q1",6/30/2024 0:00,48,48,0.3724,Public,F0,Auto,P949630,503115,17
1150,,60,,56,,54,,55,,41,,,,54,,,,,,,,13,"2023, YE",12/31/2023 0:00,54,54,0.1945,FHRx,A1,Auto,P0,197380,
1154,,85,87,,,89,,,83,85,,,,87,,,,,,,,2,"2023, YE",9/30/2023 0:00,87,87,0.0017,FHRx,A1,Auto,P0,511666,141
1157,64,57,61,62,75,73,75,72,75,76,80,79,82,76,76,49,49,,,,0,-33,"2024, Q3",6/30/2024 0:00,49,50,0.3343,Public,"A2, F2, HDM F3",Auto,P605209,193020,96
1161,64,57,61,62,75,73,75,72,75,76,80,79,82,76,76,49,49,,,,0,-33,"2024, Q3",6/30/2024 0:00,49,50,0.3343,Public,F3,Auto,P0,592723,
1163,55,62,66,69,66,50,42,34,31,28,27,28,31,32,30,35,,,,,5,7,"2024, Q2",6/29/2024 0:00,35,37,1.5853,Public,"A1, A3, F0, GEN 2, HDM A3",Auto,P317675,50510,10
1166,89,84,80,79,81,84,86,85,84,82,81,82,82,84,86,85,86,85,82,,-3,-4,"2025, Q1",6/30/2024 0:00,82,84,0.0049,Public,"A3, F2, HDM F2",Auto,P498560,190650P,
1169,,74,,,,69,,,,47,,,,64,,,,67,,,,3,"2024, YE",3/31/2024 0:00,67,67,0.0441,FHRx,"A3, F2, HDM F2",Auto,P498560,190650,282
1173,59,55,56,62,64,81,71,66,65,61,62,60,50,52,44,51,51,66,,,15,14,"2024, YE",6/30/2024 0:00,66,66,0.0498,Public,F2,Auto,P452381,581297,27
1183,59,55,56,62,64,81,71,66,65,61,62,60,50,52,44,51,51,66,,,15,14,"2024, YE",6/30/2024 0:00,66,66,0.0498,Public,F2,Auto,P452381,509941,
1182,46,60,39,39,35,33,39,40,45,49,52,52,54,51,50,49,49,46,47,,1,-3,"2025, Q1",6/30/2024 0:00,47,48,0.4149,Public,F3,Auto,P134978,517099,
1188,51,53,49,50,51,50,54,53,49,47,46,46,46,47,47,48,51,52,53,,1,6,"2025, Q1",6/30/2024 0:00,53,56,0.2168,Public,A1,Auto,P261415,50975,25
1190,51,53,49,50,51,50,54,53,49,47,46,46,46,47,47,48,51,52,53,,1,6,"2025, Q1",6/30/2024 0:00,53,56,0.2168,Public,"F0, PU, HDM F2",Auto,P261415,191630,
1194,43,49,38,32,35,35,46,47,40,31,30,31,39,45,52,60,65,65,63,,-2,11,"2025, Q1",6/30/2024 0:00,63,63,0.0711,Public,"A2, F3, HDM F3",Auto,P766895,41020,
1197,,,,,,29,21,,,15,,16,17,15,,16,,,,,,0,"2024, Q2",6/30/2024 0:00,16,16,21.2071,FHRx,A1,Auto,P181232,194190,220
1200,66,59,61,47,44,46,54,51,49,48,51,47,46,36,35,34,31,31,30,,-1,-5,"2025, Q1",6/30/2024 0:00,30,30,2.9043,Public,A1,Auto,P181232,194190P,73
1201,,40,,56,,48,,43,,32,,35,,45,,,,,,,,13,"2023, YE",12/31/2023 0:00,45,45,0.5158,Public,F3,Auto,P440703,518763,113
1205,55,60,51,44,48,47,64,72,71,70,63,57,48,41,41,47,49,67,66,,-1,25,"2025, Q1",6/30/2024 0:00,66,74,0.0498,Public,A1,Auto,P196535,503258P,
1210,38,34,57,64,51,34,47,37,35,23,,13,,21,20,,,,,,-1,,"2024, Q1",3/31/2024 0:00,20,20,11.4135,FHRx,A1,Auto,P196535,503258,
1212,48,47,47,44,44,42,43,43,44,43,43,44,44,52,62,65,69,71,75,,4,13,"2025, Q1",6/30/2024 0:00,75,76,0.0153,Public,A3,Auto,P550389,191870,121
1213,23,32,38,46,33,33,28,26,27,26,,33,,44,,,,,,,,18,"2023, YE",12/31/2023 0:00,44,44,0.5751,FHRx,A1,Auto,P759720,507281,240
1214,73,70,60,61,60,65,71,73,70,67,47,48,48,54,68,71,68,72,72,,0,4,"2025, Q1",6/30/2024 0:00,72,72,0.0233,Public,A1,Auto,P759720,507281P,125
1215,62,49,45,44,45,47,57,48,49,60,53,64,66,77,82,84,86,86,89,,3,7,"2025, Q1",6/30/2024 0:00,89,90,0.001,Public,"A1, HDM A1",Auto,P299205,061090P,215
1218,35,21,29,36,35,29,,,,14,,,,20,,23,,54,,,,34,"2024, YE",3/31/2024 0:00,54,54,0.1945,FHRx,A3,Auto,P609143,510381,237
1220,55,51,50,50,49,50,51,51,52,51,,,,51,47,50,51,56,56,,0,9,"2025, Q1",6/30/2024 0:00,56,56,0.1563,Public,"A1, GEN 2",Auto,P980422,521772,24
1221,49,50,51,59,68,68,69,69,68,69,68,68,67,68,69,68,70,,,,2,3,"2024, Q3",6/28/2024 0:00,70,70,0.0303,Public,F0,Auto,P597442,193940,
1222,,32,33,,,27,,,,24,,,22,23,21,,,,,,-2,,"2024, Q1",3/31/2024 0:00,21,21,9.8403,FHRx,"A1, HDM F1",Auto,P0,516659,160
1224,,24,,,,22,,,,17,,,,13,,13,13,14,12,,-2,,"2025, Q1",6/30/2024 0:00,12,12,39.9751,FHRx,F2,Auto,P209373,586125,49
1225,,24,,,,22,,,,17,,,,13,,13,13,14,12,,-2,,"2025, Q1",6/30/2024 0:00,12,12,39.9751,FHRx,A2,Auto,P209373,520061,
1226,48,46,49,48,49,43,37,41,38,43,43,40,33,30,30,29,29,32,30,,-2,0,"2025, Q1",6/30/2024 0:00,30,31,2.9043,Public,"A2, A3",Auto,P209373,586125,49
1228,48,46,49,48,49,43,37,41,38,43,43,40,33,30,30,29,29,32,30,,-2,0,"2025, Q1",6/30/2024 0:00,30,31,2.9043,Public,A2,Auto,P209373,520061,
1227,,63,,,,31,,,,82,,,,87,,,,,,,,5,"2023, YE",12/31/2023 0:00,87,87,0.0017,FHRx,F3,Auto,P188557,588923,200
1229,62,63,72,79,80,79,80,80,80,79,80,81,81,80,79,79,,,,,0,-2,"2024, Q2",6/29/2024 0:00,79,81,0.0083,Public,F2,Auto,P143211,508398,1
1232,,51,,,,45,,,,69,,,,33,,40,,65,,,,32,"2024, YE",3/31/2024 0:00,65,65,0.0562,FHRx,"A1, F3, PU, HDM A1",Auto,P863700,201270,287
1233,95,95,,95,,96,,,,96,,,,97,,,,,,,,1,"2023, YE",12/31/2023 0:00,97,97,0.001,FHRx,"A1, HDM A1",Auto,P205517,515519,
1234,,,,,,27,,,55,60,,,,89,,,,,,,,29,"2023, YE",12/31/2023 0:00,89,89,0.001,FHRx,A3,Auto,P0,582436,
1235,60,57,59,69,66,66,62,63,68,66,68,68,69,68,69,69,,,,,0,1,"2024, Q2",6/30/2024 0:00,69,69,0.0344,Public,F3,Auto,P119492,520534,
1237,28,34,35,34,36,56,48,57,56,62,63,61,62,46,44,45,43,,,,-2,-19,"2024, Q3",6/30/2024 0:00,43,43,0.6416,Public,"F3, HDM F3",Auto,P633753,517958,34
1241,28,34,35,34,36,56,48,57,56,62,63,61,62,46,44,45,43,,,,-2,-19,"2024, Q3",6/30/2024 0:00,43,43,0.6416,Public,F3,Auto,P633753,577289,
1242,,54,,71,,61,,57,,52,,50,,72,,72,,,,,,22,"2024, Q2",6/30/2024 0:00,72,72,0.0233,Public,F3,Auto,P791230,502746,122
1243,39,40,34,42,37,39,36,43,42,40,,,,69,,,,,,,,29,"2023, YE",12/31/2023 0:00,69,69,0.0344,FHRx,"A1, A3, F3, HDM F1",Auto,P994199,200990,
1246,72,71,72,60,70,70,69,68,69,68,68,68,67,68,68,70,72,76,76,,0,8,"2025, Q1",6/30/2024 0:00,76,76,0.0132,Public,"A1, A3, F3, HDM F1",Auto,P994199,200990P,
1248,83,79,70,73,75,75,86,82,78,70,68,69,74,74,80,82,86,79,79,,0,-1,"2025, Q1",6/30/2024 0:00,79,81,0.0083,Public,F2,Auto,P944025,584386,86
1251,,,,,,21,,,,16,,13,13,14,14,15,,,,,1,2,"2024, Q2",6/30/2024 0:00,15,15,24.8648,FHRx,A3,Auto,P917572,230140,
1253,22,23,18,27,24,32,20,14,17,17,18,17,,18,,,,28,,,,10,"2024, YE",3/31/2024 0:00,28,28,3.7449,FHRx,A2,Auto,P542083,507755,228
1255,79,77,70,69,69,77,81,78,78,76,74,76,75,74,78,78,79,80,81,,1,3,"2025, Q1",6/30/2024 0:00,81,83,0.0059,Public,A2,Auto,P542083,507755P,84
1257,,45,,,,31,,,,22,,,,23,,,,,,,,1,"2023, YE",12/31/2023 0:00,23,23,7.3713,FHRx,"A1, HDM A1",Auto,P895034,203750P,
1260,,,,,,35,,,,25,,25,,23,,25,,,,,,0,"2024, Q2",6/30/2024 0:00,25,22,5.5789,FHRx,F3,Auto,P698924,210480,201
1264,,,,,,35,,,,25,,25,,23,,25,,,,,,0,"2024, Q2",6/30/2024 0:00,25,22,5.5789,FHRx,"PU, HDM A2",Auto,P698924,201442,
1263,50,45,34,35,34,34,33,42,33,32,32,37,47,52,53,52,52,53,51,,,-2,"2025, Q1",6/30/2024 0:00,51,56,0.2693,Public,F3,Auto,P698924,210480P,114
1268,50,45,34,35,34,34,33,42,33,32,32,37,47,52,53,52,52,53,51,,,-2,"2025, Q1",6/30/2024 0:00,51,56,0.2693,Public,"PU, HDM A2",Auto,P698924,201442P,
1267,45,47,42,41,42,44,45,48,46,47,45,43,42,44,41,41,42,39,41,,2,0,"2025, Q1",6/30/2024 0:00,41,41,0.8004,Public,"A0, GEN 2",Auto,P105444,510863,47
1270,42,40,39,54,60,70,72,78,81,84,83,81,79,82,81,81,,,,,0,0,"2024, Q2",6/30/2024 0:00,81,81,0.0059,Public,"A3, HDM F1",Auto,P190774,60290,18
1272,42,40,39,54,60,70,72,78,81,84,83,81,79,82,81,81,,,,,0,0,"2024, Q2",6/30/2024 0:00,81,81,0.0059,Public,"F2, F3, HDM F1",Auto,P190774,582052,
1276,42,40,39,54,60,70,72,78,81,84,83,81,79,82,81,81,,,,,0,0,"2024, Q2",6/30/2024 0:00,81,81,0.0059,Public,F2,Auto,P190774,582482,
1277,42,40,39,54,60,70,72,78,81,84,83,81,79,82,81,81,,,,,0,0,"2024, Q2",6/30/2024 0:00,81,81,0.0059,Public,"A3, HDM",Auto,P190774,585054,
1278,,,,,,,,,,42,,,,81,,,,,,,,39,"2023, YE",12/31/2023 0:00,81,81,0.0059,FHRx,A2,Auto,P0,517461,333
1279,70,74,80,85,82,83,83,80,76,74,72,73,80,89,90,91,,,,,1,18,"2024, Q2",6/30/2024 0:00,91,91,0.001,Public,F3,Auto,P417778,584067,72
1280,73,68,47,55,74,74,83,79,70,66,59,62,68,71,77,80,84,82,84,,2,7,"2025, Q1",6/30/2024 0:00,84,84,0.0034,Public,"A2, A3, F2, F3, HDM F2",Auto,P461639,202320,
1282,,74,63,67,75,81,88,87,84,80,77,76,78,70,79,83,85,83,82,,-1,3,"2025, Q1",6/30/2024 0:00,82,82,0.0049,Public,A3,Auto,P609143,510381P,50
1285,67,68,63,64,67,66,66,65,63,64,59,58,58,57,57,62,65,65,60,,-5,3,"2025, Q1",6/30/2024 0:00,60,60,0.1002,Public,"A3, F0",Auto,P344097,517468,55
1286,81,76,72,69,71,70,76,79,76,74,72,71,70,69,71,73,75,77,78,,1,7,"2025, Q1",6/30/2024 0:00,78,79,0.0097,Public,"A1, HDM A1",Auto,P239529,505897,
1291,,90,,,,79,,,,60,,,,58,,,,65,,,,7,"2024, YE",3/31/2024 0:00,65,65,0.0562,FHRx,CommonAuto,Auto,P348492,200410,310
1311,90,89,82,85,86,88,90,88,86,85,82,81,82,81,80,79,82,81,82,,1,2,"2025, Q1",6/30/2024 0:00,82,82,0.0049,Public,A3,Auto,P122651,585517,57
1321,90,89,82,85,86,88,90,88,86,85,82,81,82,81,80,79,82,81,82,,1,2,"2025, Q1",6/30/2024 0:00,82,82,0.0049,Public,A3,Auto,P122651,504858,
1318,90,89,82,85,86,88,90,88,86,85,82,81,82,81,80,79,82,81,82,,1,2,"2025, Q1",6/30/2024 0:00,82,82,0.0049,Public,A3,Auto,P122651,577248,
1320,90,89,82,85,86,88,90,88,86,85,82,81,82,81,80,79,82,81,82,,1,2,"2025, Q1",6/30/2024 0:00,82,82,0.0049,Public,A3,Auto,P122651,515062,
1319,90,89,82,85,86,88,90,88,86,85,82,81,82,81,80,79,82,81,82,,1,2,"2025, Q1",6/30/2024 0:00,82,82,0.0049,Public,CommonAuto,Auto,P122651,200410P,
1313,90,89,82,85,86,88,90,88,86,85,82,81,82,81,80,79,82,81,82,,1,2,"2025, Q1",6/30/2024 0:00,82,82,0.0049,Public,"A3, HDM A3",Auto,P122651,201800,
1317,90,89,82,85,86,88,90,88,86,85,82,81,82,81,80,79,82,81,82,,1,2,"2025, Q1",6/30/2024 0:00,82,82,0.0049,Public,A3,Auto,P122651,201030,
1316,62,62,63,63,63,66,67,68,69,67,69,68,68,68,68,68,68,72,64,,-8,-4,"2025, Q1",6/30/2024 0:00,64,64,0.0632,Public,"A1, HDM F1",Auto,P830152,505537,87
1322,38,33,80,,63,60,,57,,75,,,,79,,,,,,,,4,"2023, YE",12/31/2023 0:00,79,79,0.0083,FHRx,PU,Auto,P861270,519385,233
1323,,24,,,,19,,,,22,,37,47,45,,44,,,,,,7,"2024, Q2",6/30/2024 0:00,44,44,0.5751,FHRx,"A2, F2",Auto,P893513,515169,154
1328,23,25,26,26,29,26,31,39,46,46,49,38,31,28,25,28,34,36,38,,2,13,"2025, Q1",6/30/2024 0:00,38,38,1.1216,Public,A2,Auto,P499169,585149,104
1331,23,25,26,26,29,26,31,39,46,46,49,38,31,28,25,28,34,36,38,,2,13,"2025, Q1",6/30/2024 0:00,38,38,1.1216,Public,HDM A2,Auto,P499169,519526,
1330,48,52,36,,32,34,,36,40,33,33,32,,18,17,17,,,,,0,-15,"2024, Q2",6/30/2024 0:00,17,19,18.111,FHRx,PU,Auto,P0,515930,180
1332,,,,,,60,,,,33,,,,89,,,,,,,,56,"2023, YE",9/30/2023 0:00,89,89,0.001,FHRx,"A1, GEN 2, HDM F1",Auto,P790234,517923,
1333,,54,,67,,74,,65,,65,,63,,59,,31,,,,,,-32,"2024, Q2",6/30/2024 0:00,31,31,2.564,Public,A2,Auto,P930241,588968P,
1338,,91,,,,97,,,,98,,,,98,,,,,,,,0,"2023, YE",12/31/2023 0:00,98,98,0.001,FHRx,A2,Auto,P930241,588968,
1340,68,43,37,34,35,34,36,36,37,39,39,38,39,49,54,57,62,56,58,,2,4,"2025, Q1",6/30/2024 0:00,58,60,0.1253,Public,A2,Auto,P456952,521031,76
1344,68,43,37,34,35,34,36,36,37,39,39,38,39,49,54,57,62,56,58,,2,4,"2025, Q1",6/30/2024 0:00,58,60,0.1253,Public,"PU, HDM A2",Auto,P456952,520262,
1343,68,43,37,34,35,34,36,36,37,39,39,38,39,49,54,57,62,56,58,,2,4,"2025, Q1",6/30/2024 0:00,58,60,0.1253,Public,A2,Auto,P456952,505536,
1342,41,36,38,33,35,38,62,78,72,82,73,73,71,68,71,75,84,81,85,,4,14,"2025, Q1",6/30/2024 0:00,85,90,0.0027,Public,PU,Auto,P862405,211100,
1349,,11,,,,11,,,,15,,14,15,16,17,,,32,,,,16,"2024, YE",3/31/2024 0:00,32,32,2.2681,FHRx,"F3, HDM A2",Auto,P542816,502823,313
1353,41,,,,47,40,,,,47,,,,52,,,,,,,,5,"2023, YE",12/31/2023 0:00,52,52,0.2416,FHRx,"A1, GEN 2, HDM F3",Auto,P745498,517557,264
1354,,24,,28,,22,,19,,22,,21,,21,,,,,,,,-1,"2023, YE",12/31/2023 0:00,21,21,9.8403,Public,F0,Auto,P799266,580205,216
1362,,60,,,,,,76,,59,,,,62,,,,,,,,3,"2023, YE",12/31/2023 0:00,62,62,0.0798,FHRx,A3,Auto,P0,517802,255
1364,,66,,,,72,,,,71,,,,65,,,,,,,,-6,"2023, YE",12/31/2023 0:00,65,65,0.0562,FHRx,F3,Auto,P488642,506574,171
1365,64,64,70,76,72,73,70,68,83,85,87,89,91,90,91,92,,,,,1,3,"2024, Q2",6/30/2024 0:00,92,92,0.001,Public,"A3, F0",Auto,P412560,61350,60
1368,46,40,,,,25,,33,36,43,43,42,43,51,,,,,,,8,8,"2023, YE",12/31/2023 0:00,51,51,0.2693,Public,F2,Auto,P760834,40290,32
1370,,43,,,,44,,,,53,,,,58,,,,55,,,,-3,"2024, YE",3/31/2024 0:00,55,55,0.1744,FHRx,"A3, F0, HDM F2",Auto,P304197,230690,159
1373,,30,,,,26,,,,33,,34,,47,,,,,,,,14,"2023, YE",12/31/2023 0:00,47,47,0.4149,FHRx,F0,Auto,P0,520957,161
1379,,,,,,20,,,18,18,,,20,18,,28,,,,,,,"2024, Q2",6/30/2024 0:00,28,29,3.7449,FHRx,"F2, HDM F3",Auto,P621872,583197,211
1384,,,,,,,,,,32,,,,21,,,,,,,,-11,"2023, YE",12/31/2023 0:00,21,21,9.8403,FHRx,"F2, HDM F3",Auto,P621872,583197,211
1385,,39,,,,43,,,,28,,32,,32,,37,41,,,,4,,"2024, Q3",7/31/2024 0:00,41,40,0.8004,FHRx,A2,Auto,P277101,519253,
1386,,62,,,,52,,,,26,,,,48,,,,87,,,,39,"2024, YE",3/31/2024 0:00,87,87,0.0017,FHRx,"A1, F3, PU, HDM F1",Auto,P944536,250180,275
1393,,39,,,,41,,,,33,,42,,60,49,,,,,,-11,,"2024, Q1",3/31/2024 0:00,49,49,0.3343,FHRx,A3,Auto,P0,577372,185
1394,,39,,,,41,,,,33,,42,,60,49,,,,,,-11,,"2024, Q1",3/31/2024 0:00,49,49,0.3343,FHRx,"A3, F0",Auto,P0,577373,
1395,,,,,,,,,,53,,,,69,,,,,,,,16,"2023, YE",5/31/2023 0:00,69,69,0.0344,FHRx,"F3, HDM F3",Auto,P0,250228,
1398,,,,,,29,,,23,31,,,,34,,29,,,,,,,"2024, Q2",9/30/2023 0:00,29,29,3.2935,FHRx,"F0, F3, HDM F2",Auto,P541463,250130,203
1399,61,65,77,79,78,79,68,68,67,71,68,63,69,77,75,77,,,,,2,14,"2024, Q2",6/30/2024 0:00,77,77,0.0114,Public,F3,Auto,P0,581643,52
1400,86,87,86,84,84,83,85,85,85,82,82,84,84,81,74,59,59,65,73,,8,-1,"2025, Q1",6/30/2024 0:00,73,74,0.0203,Public,"F0, HDM F2",Auto,P703756,503710P,91
1401,,82,,39,,74,,49,,37,,,,60,,,,80,,,,20,"2024, YE",3/31/2024 0:00,80,80,0.007,FHRx,"F0, HDM F2",Auto,P703756,503710,279
1402,54,47,47,44,46,49,49,48,49,58,56,59,60,54,54,53,49,47,44,,-3,-10,"2025, Q1",6/30/2024 0:00,44,57,0.5751,Public,A3,Auto,P203326,581048,153
1405,54,47,47,44,46,49,49,48,49,58,56,59,60,54,54,53,49,47,44,,-3,-10,"2025, Q1",6/30/2024 0:00,44,57,0.5751,Public,"F3, HDM A2",Auto,P203326,36840,
1403,,31,,,,22,,,,16,,,,14,14,,13,17,,,4,3,"2024, YE",3/31/2024 0:00,17,17,18.111,FHRx,"A1, HDM A1",Auto,P805007,250190,274
1406,63,58,75,55,49,47,66,51,,72,,,,71,,,,,,,,-1,"2023, YE",12/31/2023 0:00,71,71,0.0266,FHRx,"F3, HDM F3",Auto,P629146,519184,278
1407,,32,,,,22,,,,22,,,34,25,,,,38,,,,13,"2024, YE",3/31/2024 0:00,38,38,1.1216,FHRx,"A1, A3, F2, F3, HDM F3",Auto,P847637,250140,
1409,75,73,52,60,73,69,72,70,59,76,76,76,71,63,63,74,82,85,85,,0,22,"2025, Q1",6/30/2024 0:00,85,85,0.0027,Public,"F3, PU",Auto,P100511,514282P,209
1412,75,73,52,60,73,69,72,70,59,76,76,76,71,63,63,74,82,85,85,,0,22,"2025, Q1",6/30/2024 0:00,85,85,0.0027,Public,"F3, PU, HDM A2",Auto,P100511,033670P,
1410,75,73,52,60,73,69,72,70,59,76,76,76,71,63,63,74,82,85,85,,0,22,"2025, Q1",6/30/2024 0:00,85,85,0.0027,Public,"A2, HDM A2",Auto,P100511,519124P,
1413,,62,,,,45,,,,44,,,,45,,,,,,,,1,"2023, YE",12/31/2023 0:00,45,45,0.5158,FHRx,"A2, HDM A2",Auto,P805619,519124,
1414,,70,,,,45,,,,43,43,,,54,,,,,,,,11,"2023, YE",12/31/2023 0:00,54,54,0.1945,FHRx,"A2, F3, HDM A3",Auto,P102262,516749,143
1415,,70,,,,45,,,,43,43,,,54,,,,,,,,11,"2023, YE",12/31/2023 0:00,54,54,0.1945,FHRx,A3,Auto,P102262,577340,
1416,,46,,58,,60,,47,,51,,50,,55,,,,,,,,4,"2023, YE",12/31/2023 0:00,55,65,0.1744,Public,A3,Auto,P467536,201020,85
1418,,46,,58,,60,,47,,51,,50,,55,,,,,,,,4,"2023, YE",12/31/2023 0:00,55,65,0.1744,Public,"A3, F0, HDM F0",Auto,P467536,201409,
1419,,46,,58,,60,,47,,51,,50,,55,,,,,,,,4,"2023, YE",12/31/2023 0:00,55,65,0.1744,Public,F0,Auto,P467536,584347,
1425,,46,,58,,60,,47,,51,,50,,55,,,,,,,,4,"2023, YE",12/31/2023 0:00,55,65,0.1744,Public,F3,Auto,P467536,594150,
1427,,46,,58,,60,,47,,51,,50,,55,,,,,,,,4,"2023, YE",12/31/2023 0:00,55,65,0.1744,Public,F0,Auto,P467536,590988,
1426,,46,,58,,60,,47,,51,,50,,55,,,,,,,,4,"2023, YE",12/31/2023 0:00,55,65,0.1744,Public,F3,Auto,P467536,520880,
1423,,46,,58,,60,,47,,51,,50,,55,,,,,,,,4,"2023, YE",12/31/2023 0:00,55,65,0.1744,Public,"F3, HDM F3",Auto,P467536,516949,
1421,,46,,58,,60,,47,,51,,50,,55,,,,,,,,4,"2023, YE",12/31/2023 0:00,55,65,0.1744,Public,PU,Auto,P467536,518227,
1422,,46,,58,,60,,47,,51,,50,,55,,,,,,,,4,"2023, YE",12/31/2023 0:00,55,65,0.1744,Public,HDM F3,Auto,P467536,521088,
1424,,46,,58,,60,,47,,51,,50,,55,,,,,,,,4,"2023, YE",12/31/2023 0:00,55,65,0.1744,Public,F3,Auto,P467536,504766,
1420,58,59,63,59,54,47,50,54,64,64,71,70,69,71,71,73,,,,,2,3,"2024, Q2",6/30/2024 0:00,73,73,0.0203,Public,"A3, F3",Auto,P989042,511895P,133
1428,40,42,43,43,38,37,36,36,35,37,37,40,40,45,43,42,,,,,-1,2,"2024, Q2",6/30/2024 0:00,42,42,0.7165,Public,F3,Auto,P0,521749,69
1430,,,,,,,,,,,,,,,,,,,,,,,,,,,,,,,,,
,,,,,,,,,,,,,,,,,,,,,,,,,,,,,,,,,
*,,,,,,,,,,,,,,,,,,,,,,,,,,,,,,,,,
