Supplier.Number,accountsPayable,accountsReceivable,bankCashBalances,bankOverdraft,debitOwnedWithinOneYear,financialAssets,fixedAssets,intangibleAssets,otherCurrentAssets,otherCurrentLiabilities,otherEquity,otherTermAssets,otherTermLiabilities,prepayments,retainedEarnings,subscribedCapital,termLoans,totalAssets,totalCurrentAssets,totalCurrentLiabilities,totalInventories,totalLiabilities,totalShareholderEquity,totalTermAssets,totalTermLiabilities,accountPayableAccrualFromCashFlow,capitalExpenditure,changeInInventoriesFromCashFlow,netChangeInCashAndCashEquivalents,netFundingCashFlow,netInvestingCashFlow,unbilledAccountsReceivableRevenueFromCashFlow,currency,financialDate,period,abnormalItems,amortization,companyTaxExpense,costOfGoodsSold,depreciation,earningsBeforeInterestAndTax,grossProfit,interestExpense,interestReceived,investmentIncome,netInvestmentIncome,netProfitAfterTax,netProfitAfterTaxAndMinorityInterests,netProfitBeforeTax,netSurplus,otherIncome,otherInvestmentExpense,otherOperatingExpense,totalOperatingExpense,totalOperatingRevenue,totalStaffCosts,salesRevenue,RRID,id,eqyYear,CHS,FHR,Group,Parent.ID,X.Other.Currency.to.USD,Inflation.Rate....,inf_factor,diff_days
021320P,,,234.593424,,13.026753,119.052054,2582.001297,,,,,,,,,,959.633064,3519.616311,624.568176,275.558184,,1927.348227,1592.268084,,,,,,,0.364086,-369.910359,,USD,2024-06-30,Q2,,,75.595644,,,403.832394,,39.275523,,,,316.362258,,,,,,,,,,1384.923141,5aPqjzA,2024Q2,2024,65,81,"A2, F2, F3, HDM A2",P375711,1.0,2.90%,1.017,365
032380P,,,636.9801653,,488.4715714,131.6167141,611.6063776,,,,,,,,,,534.2882612,2292.135878,1406.119835,842.1677844,,1491.834844,800.3010348,,,,,,,-208.0258212,-11.90213752,,JPY,2024-06-30,Q1,-30.13464269,,16.95073651,,,126.2345937,,15.6035715,10.90811285,,,116.5755513,,,,,,,,,,2285.563544,2AzmW7a,2025Q1,2025,62,71,"A1, F0, F2, HDM F1",P629451,0.006539636,,1.0,365
061043P,,,98.32342726,,364.4342954,63.44754847,634.9136403,,,,,,,,,,133.146989,1281.101613,546.2165573,620.2648557,,793.2774657,487.8241474,,,,,,,,,,JPY,2024-06-30,Q1,-0.451234884,,9.332060572,,,24.24243065,,19.40963965,1.065960668,,,9.063935496,,,,,,,,,,1976.905804,DQMRgKD,2025Q1,2025,37,36,"F3, HDM A2",P806649,0.006539636,,1.0,365
061090P,,,63.95164977,,16.0408181,23.10083909,110.9684151,,,,,,,,,,4.002989671,275.1733387,133.462788,59.58198271,,74.0303929,201.1429458,,,,,,,,,,JPY,2024-06-30,Q1,-1.12269855,,6.40705142,,,26.27069876,,0.22727197,1.563254208,,,22.88447524,,,,,,,,,,284.6826038,JqkzxVA,2025Q1,2025,69,89,"A1, HDM A1",P299205,0.006539636,,1.0,365
070740P,,,137.1819444,,128.5496249,83.17763028,309.4817341,,,,,,,,,,35.7325711,920.9180812,502.5056302,336.0784337,,406.3402829,514.5777983,,,,,,,,,,JPY,2024-06-30,Q1,-9.979484536,,16.46026381,,,35.41212894,,7.45518504,1.04634176,,,27.793453,,,,,,,,,,976.8385086,aPbWZxD,2025Q1,2025,30,54,"A2, A3, F2, HDM A3",P374158,0.006539636,,1.0,365
082610P,1125.013581,1032.386177,570.7205734,0.0,350.1255718,178.6890141,1747.220709,166.7737973,191.4740024,259.6300888,-1701.20129,298.344734,211.1517672,,1881.21785,912.9135667,2467.358885,5644.346752,3253.318498,1734.769242,1458.737746,4525.454271,1118.892482,2391.028254,2790.685029,66.90047628,-48.65489184,-45.35237566,26.91714178,54.28551844,-48.00746788,32.2992622,JPY,2024-06-30,Q1,-614.9481316,,6.709666536,5470.634401,287.5543346,-387.9181282,865.9001235,151.8568876,8.024133372,,-196.2675556,-590.8953504,-591.7912805,-584.1856839,-591.7912805,68.48306819,52.43480145,419.7988537,707.3531883,6405.017593,,6336.534525,aw32lBa,2025Q1,2025,15,29,F3,P771900,0.006539636,,1.0,365
092210P,,,101.3774373,,25.63537312,20.08976179,137.7247342,,,,,,,,,,4.976662996,517.1871131,340.564624,145.1995381,,180.2062096,336.9809034,,,,,,,-40.86618536,15.23735188,,JPY,2024-06-30,Q1,-0.863231952,,3.622958344,,,-2.504680588,,2.347729324,0.994024672,,,19.97204834,,,,,,,,,,646.9138724,J3VlpyD,2025Q1,2025,32,57,A3,P986434,0.006539636,,1.0,365
100380,,,3009.303,,3752.73,15719.769,15692.31,,,,,,,,,,40873.23,82906.857,15066.855,15036.345,,64393.389,18513.468,,,,,,,-3802.563,1820.43,,USD,2024-06-30,Q2,3867.651,,-301.032,,,7295.958,,3430.341,,,,3865.617,,,,,,,,,,52645.005,aK6x8EJ,2024Q2,2024,74,62,F0,P644770,1.0,2.90%,1.017,365
100520P,,,570.3805123,,39.8917796,127.6536947,382.8237518,,,,,,,,,,0.0,1676.422609,1124.621203,324.2482322,,405.5882247,1270.834385,,,,,,,-36.07917181,-59.52376687,,JPY,2024-06-30,Q1,,,47.43197991,,,111.4026993,,,,,,91.82302908,,,,,,,,,,1621.640079,5aP29ZD,2025Q1,2025,61,88,"PU, HDM A1",P714640,0.006539636,,1.0,365
11330,,,731.5669983,,1453.881395,742.2777079,10279.17012,,,,,,,,,,2933.874344,19872.93546,6934.667062,4730.901609,,8430.766392,11442.16907,,,,,,,-1085.907374,-1141.886622,,JPY,2024-06-30,Q2,-1097.048125,,267.3847343,,,-182.4919458,,,,,,-506.4808316,,,,,,,,,,13768.91282,YaKPpmA,2024Q2,2024,19,35,F2,P273712,0.006607071,2.90%,1.017,365
11620,,,799.4312632,,445.2053396,456.6170044,923.8086003,,,,,,,,,,402.906974,4997.504816,3253.665099,1712.142101,,2340.908484,2656.596332,,,,,,,,,,JPY,2024-06-30,Q1,-260.5325586,,97.91143019,,,-107.0211431,,7.402867952,13.15774763,,,-174.3728543,,,,,,,,,,6403.44808,GJWoP7J,2025Q1,2025,14,40,"F0, HDM F0",P851698,0.006539636,,1.0,365
11630,,,227.8016804,,113.8354439,0.745518504,335.2609792,,,,,,,,,,210.6678341,966.7543899,550.2318938,342.2256915,,597.1864802,369.5679096,,,,,,,-23.71272014,45.6858971,,JPY,2024-06-30,Q1,-0.843613044,,15.83245876,,,20.88105775,,17.57200193,2.086143884,,,57.93463532,,,,,,,,,,1079.510794,JOG4y1J,2025Q1,2025,50,54,"F3, HDM F3",P926754,0.006539636,,1.0,365
120690P,,,1519.006556,0.0,292.9756928,,,,10221.08187,10330.13448,470.853792,13059.75879,490.4411381,,3758.713061,0.0,9456.729054,24799.84721,11740.08843,10623.11017,,20570.28036,4229.566853,13059.75879,9947.170193,,,,,,,,JPY,2024-04-30,Q1,,,78.475632,28956.45203,448.6898944,206.716829,2295.961205,77.70636991,,589.2510958,511.5447258,639.7859229,639.7859229,718.2615549,639.7859229,0.0,0.0,1640.554482,2089.244376,31252.41324,,31252.41324,J1npZoa,2025Q1,2025,35,41,"A2, A3",P745742,0.006539636,,1.0,365
12373,,,146.9729108,,5.358649674,242.2081258,237.9037635,,,,,,,,,,152.0171413,978.7669753,364.6451986,130.6187591,,389.5516181,589.2153572,,,,,,,,,,JPY,2024-06-30,Q1,0.3021835,,6.150148359,,,8.481417419,,0.560852263,0.470814554,,,14.98339166,,,,,,,,,,670.2446974,a714VzD,2025Q1,2025,39,71,"F2, HDM F2",P242219,0.006539636,,1.0,365
131820,,,315.3150894,,675.8844599,458.9581941,1292.048964,,,,,,,,,,662.3147152,4394.184157,2443.083757,1357.961955,,2348.285193,2045.898964,,,,,,,,,,JPY,2024-06-30,Q1,-40.02257232,,100.0237326,,,356.5278754,,16.9114987,2.838202024,,,309.7498591,,,,,,,,,,4375.428481,pa6g1nA,2025Q1,2025,69,71,"A3, F2, HDM F2",P927404,0.006539636,,1.0,365
140290,,,7013.825006,,1662.068108,14791.22445,13970.27125,,,,,,,,,,3381.220699,58190.22392,26806.80504,14024.596,,20984.34476,37205.87916,,,,,,,-4052.200432,-1080.282471,,JPY,2024-06-30,Q1,50.42059356,,522.0853004,,,2656.367445,,61.5641333,159.2662951,,,2385.992734,,,,,,,,,,46991.95396,5ABvgbA,2025Q1,2025,54,80,"A1, A3, F0, F2, F3, PU, HDM F1",P825978,0.006539636,,1.0,365
140320P,,,85.63653342,,121.3756442,24.06586048,198.687221,,,,,,,,,,36.2949798,535.4850146,295.1664709,244.6216242,,320.7429873,214.7420273,,,,,,,,,,JPY,2024-06-30,Q1,1.235991204,,4.518888476,,,19.68430436,,5.597928416,1.007103944,,,17.18616341,,,,,,,,,,818.101924,aEozePD,2025Q1,2025,51,58,"A2, A3, F2",P366315,0.006539636,,1.0,365
140858,,,156.3602334,,4.23321646,28.47006054,171.7207617,,,,,,,,,,3.426889516,561.4454517,351.7063746,99.27228569,,133.715885,427.7295667,,,,,,,,,,JPY,2024-06-30,Q2,1.101980158,,22.78545558,,,69.02158648,,0.154545998,1.592495716,,,55.62312041,,,,,,,,,,490.8851246,ax35GbJ,2024Q2,2024,60,83,"A3, F3, HDM F3",P398360,0.006607071,2.90%,1.017,365
142060,,,414.936,,462.735,573.588,2404.188,,,,,,,,,,1566.18,8146.17,3765.951,3849.345,,5795.883,2350.287,,,,,,,-601.047,-597.996,,USD,2024-06-30,Q2,-108.819,,152.55,,,883.773,,104.751,14.238,,,637.659,,,,,,,,,,10746.639,Ra7kXma,2024Q2,2024,75,68,"A3, HDM F0",P778641,1.0,2.90%,1.017,365
161395,,,2065.099335,,2.210396968,122.5723975,2745.483065,,,,,,,,,,0.0,8529.90882,4831.123397,1453.852638,,1842.751711,6687.157109,,,,,,,-513.9303743,-556.9480999,,JPY,2024-06-30,Q1,0.0,,285.2196845,,,1094.839701,,,,,,809.0118299,,,,,,,,,,6251.846239,YJqMn8J,2025Q1,2025,63,86,"A3, HDM A3",P942607,0.006539636,,1.0,365
161400,,,237.9315766,,0.0,140.0659238,201.237679,,,,,,,,,,0.0,799.9936719,439.7512832,67.78986678,,87.18642715,712.8072447,,,,,,,,,,JPY,2024-06-30,Q1,-1.726463904,,10.33916452,,,27.72805664,,0.104634176,4.505809204,,,24.90947352,,,,,,,,,,426.2861727,J1Vm6Va,2025Q1,2025,55,84,"A3, HDM A3",P365379,0.006539636,,1.0,365
16220,,,4.64714782,0.0,43.81451528,,,,39.2385614,22.47881155,3.08065029,57.50225908,0.40051896,,,0.0,31.6134722,101.387968,43.885709,66.293327,,98.307318,3.08065,57.502259,32.013991,,,,,,,,USD,2024-06-30,Q1,,,0.00754125,,8.60369659,-8.127417,,5.8163977,,0.67150829,-5.144889,-13.279847,-13.279847,-13.272306,-13.279847,0.0,0.0,115.1187286,123.722425,115.595008,,115.5950083,JWGQOwJ,2025Q1,2025,16,16,F3,P978153,1.0,,1.0,365
163030,,,15.04345383,,1.85008572,,167.6369204,,,,,,,,,,83.10314817,449.9115962,191.2069531,68.40714222,,167.4245912,282.487005,,,,,,,-27.7364376,-25.09123077,,CAD,2024-06-30,Q3,,,7.61118732,,,37.13757543,,6.51910221,,,,23.08449654,,,,,,,,,,476.9954554,aEzGzKA,2024Q3,2024,52,64,"A2, A3, HDM A3",P265454,0.73,2.90%,1.017,365
180330,,,112.7433246,,127.0324293,39.89831924,255.5951334,,,,,,,,,,231.365782,934.3439539,573.7484248,285.8671085,,620.5329808,313.8109731,,,,,,,,,,JPY,2024-06-30,Q1,-13.41933307,,8.331496264,,,21.54156098,,10.87541467,0.712820324,,,-4.492729932,,,,,,,,,,1106.663362,aROERyA,2025Q1,2025,40,48,"F3, CommonAuto",P810282,0.006539636,,1.0,365
191870,,,291.3604027,,74.89191147,75.21889327,235.9958443,,,,,,,,,,0.0,1216.522708,772.7953258,509.1368211,,570.1843232,646.3383844,,,,,,,,,,JPY,2024-06-30,Q1,-8.004514464,,18.24558444,,,43.09620124,,4.826251368,6.062242572,,,48.17749841,,,,,,,,,,1949.746696,a71kKWD,2025Q1,2025,51,75,A3,P550389,0.006539636,,1.0,365
192569,,,111.5553328,,405.5891726,170.0745108,313.5939876,,,,,,,,,,24.18980835,1162.279975,656.6659445,921.7728052,,991.2311521,171.0488226,,,,,,,,,,JPY,2024-06-30,Q2,21.43485795,,-0.77944938,,,-45.75233473,,8.157340925,1.753761105,,,-18.22970834,,,,,,,,,,1249.585025,Jqx6M1D,2024Q2,2024,18,27,"A3, HDM F1",P0,0.006607071,2.90%,1.017,365
192962,146.2050855,164.0765366,35.13954062,0.0,63.3591,,495.7482835,13.22638603,121.3143847,172.1365484,-26.23106606,32.9649902,5.698447281,,208.6712015,0.0,363.1393754,932.9786941,391.0390344,381.7007339,70.50857237,750.5385566,182.4401354,541.9396597,368.8378227,-30.44299902,,5.086832634,-24.17339844,46.51266382,-39.91644352,-13.61011844,USD,2024-06-30,Q2,,3.60719069,13.40490258,926.3454102,41.2139133,46.73703843,141.1688964,17.27141099,,,-17.92178554,15.41035082,15.41035082,28.81525289,15.41035082,0.0,0.650374551,49.61075346,94.43185797,1067.514307,,1067.514307,A44rkEA,2024Q2,2024,43,32,"A2, F2, HDM A2",P599352,1.0,2.90%,1.017,365
193020,,,153.3704489,,297.5509095,6.977787516,313.0539245,,,,,,,,,,629.8465783,2169.634069,686.7023394,584.5316815,,1394.116821,775.5172478,,,,,,,561.5743204,-805.3819582,,EUR,2024-06-30,Q3,-2.218144,,34.77557605,,,135.4208059,,24.11408903,1.76095584,,,85.8454966,,,,,,,,,,1405.541022,JGQ1E0A,2024Q3,2024,53,49,"A2, F2, HDM F3",P605209,1.0822,2.90%,1.017,365
194090,,,2384.994566,,4106.328899,818.8444656,12744.91789,,,,,,,,,,4689.645521,40968.63762,20089.20434,16773.10438,,25405.08978,15563.54783,,,,,,,-1482.284578,-2267.340704,,EUR,2024-06-30,Q2,,,432.3146587,,,1769.760619,,477.1089729,118.3142205,,,927.3633692,,,,,,,,,,44551.52239,dax00la,2024Q2,2024,35,45,HDM F0,P966422,1.0822,2.90%,1.017,365
194190,1.495454901,2.486236356,2.1929158,0.0,11.82686755,,4.818073207,,0.2034,1.418412595,-1.77410508,0.0,0.0,0.141265439,,0.0,0.945370361,13.91200065,9.093927555,14.74073463,4.070109522,15.68610528,-1.774104633,4.818073095,0.945370656,,,,,,,,USD,2024-06-30,Q2,,,0.0,,,-1.582528275,,0.771769051,,0.006614436,-0.765154188,-2.34768348,-2.34768348,-2.34768348,-2.34768348,0.0,0.0,30.1745368,30.17453645,28.59200817,,28.59200845,JqkN5VA,2024Q2,2024,18,16,A1,P181232,1.0,2.90%,1.017,365
194190P,,,47.90937334,,84.8517771,66.19419559,108.6298936,,,,,,,,,,12.19642114,417.6865513,214.8728201,188.5965626,,234.4721091,183.2144422,,,,,,,,,,JPY,2024-06-30,Q1,-63.27751794,,13.41279344,,,-83.20378883,,1.759162084,,,,-88.93250996,,,,,,,,,,353.7223716,YA53plJ,2025Q1,2025,13,30,A1,P181232,0.006539636,,1.0,365
200820,1219.54572,874.30473,278.786142,,310.85622,,1276.5384,981.2016,67.49829,244.74105,2640.50829,364.47246,348.99372,42.27669,-1215.97605,0.0,1109.60802,4723.055802,2100.843342,1775.14299,837.97749,3278.34018,1444.70952,2622.21246,1503.19719,-63.01332,-32.78808,-55.39599,58.85379,-36.1035,-53.35182,87.43149,USD,2024-06-30,Q2,-32.21856,58.41648,48.04308,4709.41173,153.34326,175.5342,653.35131,65.93211,,23.19777,-44.97174,82.51938,80.36334,130.56246,80.36334,17.87886,2.2374,51.69411,463.47741,5380.6419,200.02356,5362.76304,a9VGZkA,2024Q2,2024,23,35,"A3, HDM F0",P718841,1.0,2.90%,1.017,365
200820P,,,742.5227076,,1046.679881,406.7618617,2037.722357,,,,,,,,,,1889.809444,8043.564257,3707.037333,3040.269075,,5276.427935,2767.136321,,,,,,,12.41458102,-420.1876909,,CNY,2024-06-30,Q2,0.0,,86.22643498,,,456.3841256,,154.4496552,9.544671485,,,223.9036242,,,,,,,,,,7904.051028,awo1Mya,2024Q2,2024,57,56,"A3, HDM F0",P718841,0.1393,2.90%,1.017,365
201330,,,10254.411,,1324.134,,8219.394,,,,,,,,,,11981.277,44114.409,19846.755,14588.865,,40058.613,4055.796,,,,,,,1662.795,-1468.548,,USD,2024-06-30,Q2,-4552.092,,-212.553,,,1385.154,,1405.494,425.106,,,1036.323,,,,,,,,,,31102.911,dJO0QOa,2024Q2,2024,54,52,"A3, HDM A3",P912386,1.0,2.90%,1.017,365
203210,102.9490794,62.76628053,20.36485548,0.0,59.13584478,,,,70.43001624,134.1747118,-77.66729334,417.8704315,128.1249246,,,0.0,316.1562545,662.8735217,245.0030902,296.259636,91.44193797,740.540815,-77.66729334,417.8704315,444.2811791,,,,4.38106311,14.81608314,-8.45724996,,USD,2024-06-30,Q2,,,2.23218279,767.913431,71.23272417,3.92172489,128.8361228,50.57901018,,,-65.27430423,-63.58476213,-63.58476213,-61.35257934,-58.7075454,0.0,14.69529405,53.68167378,124.914398,896.7495539,,896.7495539,DmY1WVD,2024Q2,2024,21,18,"A2, HDM A3",P403234,1.0,2.90%,1.017,365
210480,,,9.73269,0.0,13.221,,,,67.47795,40.92408,124.41978,25.58772,1.33227,,-77.09877,0.0,0.0,102.79836,77.21064,54.14508,,55.47735,47.32101,25.58772,1.33227,,,,,,,,USD,2024-06-30,Q2,11.8989,,0.04068,173.76462,0.14238,-19.54674,6.87492,2.08485,,0.16272,-1.92213,-21.50955,-21.50955,-21.46887,-21.50955,0.0,0.0,38.17818,38.32056,180.63954,,180.63954,aEoEe4D,2024Q2,2024,20,25,F3,P698924,1.0,2.90%,1.017,365
210480P,,,163.1900767,,171.7046828,268.7659603,552.4095926,,,,,,,,,,311.5678779,1932.011203,1017.907423,619.0288645,,1008.771551,923.2396519,,,,,,,,,,JPY,2024-06-30,Q1,-48.26905332,,-9.475932564,,,10.63998777,,4.996281904,1.020183216,,,25.62883348,,,,,,,,,,2132.614537,a6jljMa,2025Q1,2025,37,51,F3,P698924,0.006539636,,1.0,365
210550,,,142.256465,,59.74540407,56.16299106,889.7096053,,,,,,,,,,612.2459396,1983.847876,820.0258942,603.3476879,,1302.033787,681.814089,,,,,,,-264.2896308,-62.98113195,,CHF,2024-06-30,Q2,-10.16943048,,9.59162193,,,101.4631814,,,,,,45.53131374,,,,,,,,,,2787.348445,Ga0NjwD,2024S1,2024,56,71,"A1, A2, A3, HDM A3",P582708,1.1363,2.90%,1.017,365
210610,,,57.38619529,,30.19253155,59.25332023,158.2402459,,,,,,,,,,35.48425459,411.5302884,183.1869299,93.64926821,,170.6572162,240.8730722,,,,,,,,,,JPY,2024-06-30,Q1,-0.929471925,,6.685411026,,,7.957357149,,1.239581464,0.779792736,,,4.92789693,,,,,,,,,,325.9802809,DX5dMMJ,2025Q1,2025,40,68,"A1, HDM A1",P332568,0.006539636,,1.0,365
210610P,,,213.6956856,,0.0,372.0202731,180.7816976,,,,,,,,,,1.870335896,1129.16625,548.2307652,124.6062243,,174.0654914,955.1007585,,,,,,,,,,JPY,2024-06-30,Q1,-2.831662388,,14.13869303,,,25.30839132,,0.385838524,1.419101012,,,68.16916566,,,,,,,,,,578.8754994,aNkLnWA,2025Q1,2025,39,74,"A1, HDM A1",P332568,0.006539636,,1.0,365
210721,,,255.4970389,,1017.985898,376.3560518,2995.552206,,,,,,,,,,2499.337705,6922.335499,2155.993736,2365.294786,,5732.285238,1190.050261,,,,,,,-202.3363378,-273.1998335,,JPY,2024-06-30,Q1,5.113995352,,-10.96042994,,,177.0606447,,232.3925049,61.32870641,,,39.51902035,,,,,,,,,,5499.873114,XAZx7rJ,2025Q1,2025,25,23,"F2, HDM F2",P750271,0.006539636,,1.0,365
21340,,,102.8488554,,19.9458898,136.8680418,215.2390397,,,,,,,,,,13.8967265,820.7046991,412.0036076,195.7640037,,243.7387734,576.9659257,,,,,,,-55.80271399,-31.45564916,,JPY,2024-06-30,Q1,,,16.5845169,,,52.63099053,,,,,,41.05583481,,,,,,,,,,726.3508309,AoYoe8J,2025Q1,2025,41,70,"A1, HDM F1",P633880,0.006539636,,1.0,365
32590,,,163.987182,,0.0,,117.91098,,,,,,,,,,66.105,737.957574,320.214654,94.018599,,206.319807,531.637767,,,,,,,-68.638347,-15.176691,,USD,2024-06-30,Q2,-7.27155,,12.889458,,,67.878648,,3.511701,5.407389,,,56.053989,,,,,,,,,,523.915686,YA5vokD,2024Q2,2024,56,78,"F3, HDM F1",P509543,1.0,2.90%,1.017,365
33198,,,142.616961,,493.732143,,2337.271434,,,,,,,,,,2585.141793,7276.293288,2150.408871,1653.777261,,4792.914549,2483.378739,,,,,,,-350.869068,-646.319772,,USD,2024-06-30,Q2,-109.979397,,108.099981,,,560.476836,,131.22351,14.22783,,,375.386904,,,,,,,,,,6719.564097,WJG75OJ,2024Q2,2024,56,51,"A2, A3, HDM A3",P668552,1.0,2.90%,1.017,365
33298,,,427.4281148,,210.9233017,78.51573464,857.5665564,,,,,,,,,,993.6890049,2897.647114,1420.814541,892.0740099,,2036.677539,860.969575,,,,,,,-296.8352636,-109.516531,,BRL,2024-06-30,Q2,-2.864932019,,35.35399246,,,160.9109976,,112.329549,0.465520665,,,33.47959444,,,,,,,,,,2765.499306,LDQ500D,2024Q2,2024,49,56,"F3, HDM F3",P666906,0.1863,2.90%,1.017,365
40250,,,923.5109502,,4959.382141,365.3731296,13272.62897,,,,,,,,,,1796.59028,19207.49931,4669.452125,8989.992558,,11457.76909,7749.730219,,,,,,,-1064.05983,9.765403135,,CNY,2024-06-30,Q2,0.0,,20.02356901,,,293.1840001,,182.7082209,13.5785403,,,100.195924,,,,,,,,,,16019.50254,PAkBN4a,2024Q2,2024,30,34,F3,P464102,0.1393,2.90%,1.017,365
42110,,,1432.953,,1500.075,1771.614,4318.182,,,,,,,,,,5597.568,25171.767,8979.093,6008.436,,13201.677,11970.09,,,,,,,-905.13,-1262.097,,USD,2024-06-30,Q2,361.035,,-1896.705,,,2340.117,,279.675,102.717,,,3786.291,,,,,,,,,,20324.745,PJpv7XA,2024Q2,2024,69,80,F0,P117786,1.0,2.90%,1.017,365
500044,,,442.9622445,,55.586906,,477.7988854,,,,,,,,,,343.33089,1565.274956,966.734771,350.2367456,,706.6665265,858.6084293,,,,,,,,,,JPY,2024-06-30,Q1,-6.761983624,,27.34875775,,,100.2853181,,1.392942468,2.22347624,,,84.23051168,,,,,,,,,,1501.546203,Ra7pKgA,2025Q1,2025,52,67,"F0, PU, HDM F2",P788967,0.006539636,,1.0,365
502746,,,368.25989,,32.24750382,24.54332202,754.1293385,,,,,,,,,,1274.821968,3010.794247,1517.063456,789.7886942,,2262.498075,748.2961723,,,,,,,-217.6981657,-149.5711867,,EUR,2024-06-30,Q2,,,36.20965446,,,216.3774488,,82.76492448,8.91483894,,,99.6040647,,,,,,,,,,3816.321485,ALnekGJ,2024S1,2024,62,72,F3,P791230,1.0822,2.90%,1.017,365
502963,,,1015.983,,928.521,1509.228,11503.287,,,,,,,,,,4945.671,32529.762,14235.966,12660.633,,20315.592,12214.17,,,,,,,-476.973,-3241.179,,USD,2024-06-30,Q2,-600.03,,244.08,,,1541.772,,210.519,,,,1087.173,,,,,,,,,,43802.19,eJ39NyA,2024Q2,2024,57,68,"F2, HDM A2",P666338,1.0,2.90%,1.017,365
503115,,,9659.683256,,13329.51771,132976.8734,14213.24488,,,,,,,,,,13961.10268,226780.2481,42872.13369,67795.80477,,173489.0225,53291.22564,,,,,,,-2766.553772,-6404.664453,,JPY,2024-06-30,Q1,,,2034.578854,,,8075.763798,,,,,,6529.04179,,,,,,,,,,85464.96607,XAZN11A,2025Q1,2025,50,48,F0,P949630,0.006539636,,1.0,365
503710P,,,137.9732403,,51.11379498,,129.805235,,,,,,,,,,29.428362,525.7671155,343.5793962,136.4298862,,178.0154316,347.7516839,,,,,,,,,,JPY,2024-06-30,Q1,-2.687790396,,11.48360082,,,16.47988272,,1.458338828,0.902469768,,,15.82591912,,,,,,,,,,520.4961689,5aPzoOD,2025Q1,2025,52,73,"F0, HDM F2",P703756,0.006539636,,1.0,365
503898,,,14.06526245,0.0,7.6275,,,,229.8350861,337.8068281,43.85571388,352.0320584,36.39964247,,,0.0,170.2427225,595.9324073,243.900349,345.4343278,,552.0766926,43.85571369,352.0320584,206.6423648,,,,,,,,USD,2024-06-30,Q2,,,0.0,,,39.35046675,,-16.32261435,,,-21.21989721,18.13056953,18.13056953,18.13056953,18.13056953,0.0,37.54251176,1105.181446,1105.181446,1144.531913,,1144.531913,adNn1ED,2024Q2,2024,68,63,"A2, HDM A2",P0,1.0,2.90%,1.017,365
504860P,,,122.258495,,313.6997993,115.8758103,471.4488989,,,,,,,,,,167.4996969,1224.442207,599.3380205,589.0315542,,826.544594,397.8976128,,,,,,,4.649681196,-86.06160976,,JPY,2024-06-30,Q1,,,21.11648464,,,-88.39625981,,,,,,-112.305169,,,,,,,,,,1562.443293,JOGqQqJ,2025Q1,2025,18,32,A2,P785357,0.006539636,,1.0,365
505067,,,166.8571694,,39.56537593,1.68061223,339.5475051,,,,,,,,,,519.7857377,1660.560446,669.0157391,298.9651771,,880.8014956,779.7589501,,,,,,,-65.06621769,-67.0946187,,EUR,2024-06-30,Q2,,,29.69301725,,,85.84439601,,28.13897373,0.494168233,,,27.05488529,,,,,,,,,,1319.189251,yDXx5QD,2024Q2,2024,56,76,A1,P898479,1.0822,2.90%,1.017,365
50510,,,323.9145,,1009.3725,,2114.0379,,,,,,,,,,5697.6408,22835.9214,6900.345,5433.6276,,13965.7491,8870.1723,,,,,,,-1814.2263,395.5113,,USD,2024-06-29,Q2,-563.6214,,164.2455,,,242.7579,,545.8239,191.6028,,,-275.7087,,,,,,,,,,15849.2331,eaRq4zJ,2024Q2,2024,15,35,"A1, A3, F0, GEN 2, HDM A3",P317675,1.0,2.90%,1.017,365
505537,,,491.0089502,,48.68105038,286.2987244,786.5874181,,,,,,,,,,126.9081762,2563.995087,1359.943465,478.7340534,,830.3375829,1733.657504,,,,,,,-55.68500054,-4.100351772,,JPY,2024-06-30,Q1,-1.981509708,,51.9901062,,,138.4440941,,1.99458898,7.94565774,,,142.524827,,,,,,,,,,1774.340579,KAMBBbD,2025Q1,2025,47,64,"A1, HDM F1",P830152,0.006539636,,1.0,365
505724,,,1309.896,,452.565,347.814,3943.926,,,,,,,,,,3338.811,14347.836,6106.068,3775.104,,7955.991,6391.845,,,,,,,-480.024,-477.99,,USD,2024-06-30,Q2,-130.176,,226.791,,,1192.941,,70.173,40.68,,,846.144,,,,,,,,,,14585.814,WJG7eBJ,2024Q2,2024,69,82,"A1, HDM F1",P711122,1.0,2.90%,1.017,365
507111,,,5285.018727,,5645.283528,2685.221667,7059.907422,,,,,,,,,,3215.430435,25900.95228,15286.5552,11993.04836,,15412.70083,10488.25146,,,,,,,1772.857011,-3426.526299,,CNY,2024-06-30,Q2,0.0,,116.5145704,,,2038.622192,,201.4476578,156.9040919,,,1881.150423,,,,,,,,,,33650.74301,dJOvglD,2024Q2,2024,58,51,F0,P837301,0.1393,2.90%,1.017,365
507281P,,,200.1455598,,34.56197626,38.13261752,297.0368068,,,,,,,,,,165.5051079,839.1464726,464.5103451,181.9522924,,357.7377081,481.4087645,,,,,,,,,,JPY,2024-06-30,Q1,-0.117713448,,8.606160976,,,14.81881518,,0.765137412,0.4904727,,,11.58169536,,,,,,,,,,732.0403142,D8owyMA,2025Q1,2025,40,72,A1,P759720,0.006539636,,1.0,365
50730,,,966.4551,,27.5607,75.3597,3646.1484,,,,,,,,,,2790.1395,14931.4923,7913.0736,5916.7026,,9933.9543,4997.538,,,,,,,-633.1842,-550.7055,,USD,2024-06-29,Q2,-192.9249,,183.4668,,,916.9272,,105.4629,,,,626.8788,,,,,,,,,,24030.8964,4aNPjZD,2024Q2,2024,58,70,A3,P330226,1.0,2.90%,1.017,365
507535P,,,274.7758858,,0.0,44.18832045,163.1442993,,,,,,,,,,0.0,705.2539651,468.1136845,112.9002759,,131.008528,574.2454372,,,,,,,,,,JPY,2024-06-30,Q1,-0.477393428,,17.02267251,,,54.23320135,,0.06539636,1.523735188,,,46.5033516,,,,,,,,,,691.1021928,JYXyOzD,2025Q1,2025,65,88,"F2, HDM F2",P413962,0.006539636,,1.0,365
507755P,,,355.8085155,,180.1800511,137.6462585,1093.544853,,,,,,,,,,138.6729814,2376.784927,1055.078714,701.2059305,,898.6767791,1478.108148,,,,,,,,,,JPY,2024-06-30,Q1,-17.83358737,,116.725963,,,138.8364723,,1.17713448,7.88026138,,,99.19973848,,,,,,,,,,2394.559657,PadmryA,2025Q1,2025,62,81,A2,P542083,0.006539636,,1.0,365
508398,,,1434.987,,363.069,594.945,2598.435,,,,,,,,,,3280.842,16706.259,7513.596,4531.752,,9737.775,6968.484,,,,,,,-1175.652,-347.814,,USD,2024-06-29,Q2,-155.601,,164.754,,,938.691,,84.411,,,,944.793,,,,,,,,,,14133.249,kDePE3A,2024Q2,2024,65,79,F2,P143211,1.0,2.90%,1.017,365
50975,,,2019.472295,,3326.326995,4754.112643,7403.724644,,,,,,,,,,2168.582535,30278.74357,15347.6363,9347.893031,,13628.21559,16650.52798,,,,,,,,,,JPY,2024-06-30,Q1,-284.8600045,,514.6693532,,,1421.769183,,200.3417489,20.23363378,,,1318.135572,,,,,,,,,,29586.8697,eaR9gzJ,2025Q1,2025,41,53,A1,P261415,0.006539636,,1.0,365
510176,,,264.6660632,,0.0,313.2886603,691.0382383,,,,,,,,,,0.0,2784.835906,1102.309875,309.9088845,,343.7312942,2441.104622,,,,,,,-261.3024882,-279.776639,,USD,2024-06-30,Q2,,,74.66857731,,,507.9115028,,,,,,423.0117631,,,,,,,,,,2367.710122,dJO0ZRa,2024Q2,2024,66,87,"F0, F2, HDM F2",P753990,1.0,2.90%,1.017,365
510247,,,1400.620001,,1253.360477,1550.619632,6704.140544,,,,,,,,,,4429.687841,18643.16161,9202.497304,6092.540706,,11224.16692,7418.994694,,,,,,,,,,JPY,2024-06-30,Q1,-183.2929178,,304.0996136,,,1017.77663,,94.67431037,19.48157564,,,751.4957313,,,,,,,,,,16579.19363,eAj8xmJ,2025Q1,2025,59,59,F3,P182993,0.006539636,,1.0,365
510254,,,128.8831463,,74.4799144,15.52509586,132.6957541,,,,,,,,,,31.83494805,707.2093163,544.5162519,217.2336286,,259.3554241,447.8538922,,,,,,,-24.49747646,-55.27954311,,JPY,2024-06-30,Q1,-2.87743984,,8.920063504,,,30.87362156,,4.067653592,1.510655916,,,29.70302671,,,,,,,,,,826.5053562,mDb19WA,2025Q1,2025,40,56,"F0, HDM F0",P526115,0.006539636,,1.0,365
510256,,,271.2575616,,46.22868688,267.4253349,863.016144,,,,,,,,,,354.7425548,1888.738432,640.452712,320.9326367,,776.509839,1112.228593,,,,,,,,,,JPY,2024-06-30,Q1,-49.39387071,,60.62242572,,,42.72998162,,2.15807988,3.95647978,,,113.1880199,,,,,,,,,,1371.806364,JqkKjwA,2025Q1,2025,52,79,"A1, F3, HDM F0",P212060,0.006539636,,1.0,365
510381P,,,1675.369728,,69.07817507,331.11485,2241.551794,,,,,,,,,,1013.64358,7467.270287,4572.068796,2614.520314,,4120.278043,3346.992244,,,,,,,-509.1368211,-593.8839641,,JPY,2024-06-30,Q1,,,115.8169536,,,478.4920868,,,,,,416.5224961,,,,,,,,,,12857.74183,VAr3K6D,2025Q1,2025,63,82,A3,P609143,0.006539636,,1.0,365
510590P,,,251.5209402,,32.99900326,,368.070333,,,,,,,,,,79.58083048,1239.391815,776.653711,251.5667176,,392.3716204,847.0201944,,,,,,,-59.85728831,-57.48994008,,JPY,2024-06-30,Q1,0.274664712,,29.1929351,,,100.1806839,,1.419101012,5.519452784,,,82.34709651,,,,,,,,,,968.4743141,AkdE3VD,2025Q1,2025,53,73,A3,P893748,0.006539636,,1.0,365
510863,,,1621.61392,,2594.338998,3467.373864,7700.696055,,,,,,,,,,3754.339631,23516.67493,10266.61379,5709.671176,,10793.28992,12723.38501,,,,,,,-406.7457403,-822.0387848,,JPY,2024-06-30,Q1,,,209.6345716,,,490.0280048,,,,,,289.0976887,,,,,,,,,,16507.77427,KawYLRD,2025Q1,2025,21,41,"A0, GEN 2",P105444,0.006539636,,1.0,365
511432,,,155.3752117,,77.92630258,164.5830192,903.117192,,,,,,,,,,305.7868397,2134.216748,946.2068536,831.2008149,,1257.689716,876.527032,,,,,,,,,,JPY,2024-06-30,Q1,-19.0368804,,32.64586291,,,99.31745193,,5.735260772,4.270382308,,,82.55636486,,,,,,,,,,5085.10324,JYvQzja,2025Q1,2025,59,75,"F3, HDM F1",P838363,0.006539636,,1.0,365
511497,,,76.82764373,,57.37876626,6.938553796,179.7157369,,,,,,,,,,22.01241478,508.0577812,303.6483788,172.2605519,,225.2904602,282.767321,,,,,,,,,,JPY,2024-06-30,Q1,-0.22888726,,6.938553796,,,25.66153166,,1.4714181,0.529710516,,,22.85602782,,,,,,,,,,585.7355776,JpbPMMA,2025Q1,2025,39,59,A1,P378225,0.006539636,,1.0,365
511535,0.368874036,3.635085474,3.529512738,0.0,0.48081726,0.721827954,4.549615605,,0.028528884,0.981953163,0.0,0.0,0.0,0.240272352,13.39054916,0.289325313,0.485842257,15.99736118,10.72591763,1.831644459,3.292518177,2.317486716,13.67987447,5.271443559,0.485842257,-0.291809844,-0.035742465,-0.16823214,0.142503057,-1.0600191,0.243769815,0.014049855,USD,2024-06-30,Q2,,,0.0,17.48844646,0.663505211,1.609226559,7.910905356,0.025638611,0.09344197,0.125625118,0.186315417,1.795541976,1.795541976,1.795541976,1.795541976,0.0,0.007112898,5.6381732,6.301678797,25.39935126,,25.39935136,JVvLxYJ,2024Q2,2024,67,90,,,1.0,2.90%,1.017,365
511595,,,125.564922,,0.272556,,281.642895,,,,,,,,,,225.910278,1261.642401,701.410662,331.662006,,610.453233,651.189168,,,,,,,-89.976024,-42.741459,,USD,2024-06-30,Q2,-12.311802,,19.452159,,,108.291177,,16.079787,,,,68.741064,,,,,,,,,,1489.728042,kDee49D,2024Q2,2024,58,68,"A3, F0",P402817,1.0,2.90%,1.017,365
511652,,,95.387481,,50.393367,,671.794605,,,,,,,,,,1075.296474,1796.98815,850.790673,628.11954,,1960.628535,-163.640385,,,,,,,-5.687064,-48.491577,,USD,2024-06-30,Q2,-93.974868,,16.293357,,,0.001017,,125.842563,,,,-153.846675,,,,,,,,,,2841.973956,7J1MXOJ,2024Q2,2024,16,22,"A1, F2, F3",P628779,1.0,2.90%,1.017,365
511895P,,,235.1845445,,473.9213925,32.62303965,599.5200927,,,,,,,,,,202.3558268,2497.381243,1353.526191,909.6168584,,1166.851905,1330.529339,,,,,,,-158.801916,-45.45743142,,CNY,2024-06-30,Q2,0.0,,33.26046676,,,218.5624676,,33.11113442,4.925954255,,,159.9276901,,,,,,,,,,2276.848176,awombXa,2024Q2,2024,68,73,"A3, F3",P989042,0.1393,2.90%,1.017,365
511897,,,60.9183,,13.3227,,231.7743,,,,,,,,,,681.6951,1404.0702,878.7897,363.069,,1097.0379,307.0323,,,,,,,-14.8482,-25.7301,,USD,2024-06-30,Q2,-1.5255,,9.8649,,,94.8861,,48.0024,,,,40.9851,,,,,,,,,,1686.4911,QaEVloA,2024Q2,2024,61,61,"F2, HDM F3",P457285,1.0,2.90%,1.017,365
512065,,,205.8485496,,284.6871667,164.5646101,874.1793572,,,,,,,,,,158.2551017,2250.71384,1071.353173,775.498378,,1055.025052,1195.688788,,,,,,,-108.981806,-105.7900952,,JPY,2024-06-30,Q2,-3.258904735,,18.39769312,,,81.05601613,,10.30754611,1.216209808,,,74.76666596,,,,,,,,,,1998.985287,AZj5O1A,2024Q2,2024,35,50,F3,P922721,0.006607071,2.90%,1.017,365
512392,,,1157.218294,0.0,524.5895152,,,,4697.941054,3876.907831,1761.119829,3303.258526,926.1609226,,,0.0,2069.639887,9158.417874,5855.159348,4401.497346,,7397.298155,1761.119829,3303.258526,2995.800809,,,,,,,,EUR,2024-06-30,Q2,,,0.0,,595.6557496,229.4538226,,201.1088611,,140.1392981,-60.96956304,168.4842596,168.4842596,168.4842596,168.4842596,0.0,0.0,12646.25595,13241.9117,13471.36552,,13471.36552,AoWL6mA,2024Q2,2024,42,40,A3,P465948,1.0822,2.90%,1.017,365
512737,,,1048.552157,,454.8840009,191.8009842,1129.715579,,,,,,,,,,770.0029012,4946.685305,3236.858235,1371.041227,,2408.417146,2538.268158,,,,,,,,,,JPY,2024-06-30,Q1,-44.28641499,,89.42298266,,,487.7979889,,25.35416877,5.5586906,,,402.8284983,,,,,,,,,,5414.053471,2AzGW5D,2025Q1,2025,64,68,"F0, HDM F2",P940842,0.006539636,,1.0,365
513264,,,263.5662003,,167.1846078,59.13340198,573.5105068,,,,,,,,,,399.2580072,1462.025178,796.1096602,353.9450008,,811.2230836,650.8020941,,,,,,,-96.55736753,-36.70614096,,TWD,2024-06-30,Q2,,,16.0089547,,,71.60981987,,16.93811466,8.729664172,,,54.92062749,,,,,,,,,,1105.326959,QDgx1eJ,2024Q2,2024,38,50,"F3, HDM F3",P451344,0.031136158,2.90%,1.017,365
514282P,,,313.830592,,22.62060092,,315.6355315,,,,,,,,,,0.0,1176.990608,822.0126263,412.3829065,,436.4683859,740.5222221,,,,,,,-45.79053127,-20.88759738,,JPY,2024-06-30,Q1,,,23.6146256,,,72.72075232,,,,,,54.84792713,,,,,,,,,,1394.355029,Dep2lmA,2025Q1,2025,60,85,"F3, PU",P100511,0.006539636,,1.0,365
515169,139.3209759,,33.24189286,0.0,14.82430864,,470.2171239,258.7765267,178.7329701,103.9298325,348.5264329,6.125627961,121.9011154,4.975620633,,0.0,247.4423973,1010.835748,275.7164699,258.075117,58.76598629,662.3093145,348.5264329,735.1192785,404.2341975,-4.993930701,-70.01867432,5.461599168,15.44895105,-29.64878915,-73.77835145,0.729886662,USD,2024-06-30,Q2,,,4.562514216,1095.161431,74.76490552,29.98913938,106.9193579,13.61770119,,,-40.72226245,-15.29563729,-15.29563729,-10.73312307,-15.29563729,0.0,27.10456126,2.165313006,76.93021852,1202.080789,,1202.080789,JYXZolD,2024Q2,2024,17,44,"A2, F2",P893513,1.0,2.90%,1.017,365
515604,8.739992297,,4.378068843,0.0,40.78497398,,20.70808703,0.355864392,17.38084734,2.159436892,0.0,13.1329484,2.707087455,,-40.9101471,51.62884707,0.0,68.67919598,34.48229616,55.25340862,12.72337997,57.96049607,10.71869997,34.19689983,2.707087455,-1.30414316,-0.699145115,0.64532229,2.725873271,1.480525028,-0.685227916,1.489867835,MXN,2024-06-30,Q2,,,0.854230653,93.10471465,4.082202263,-4.117317975,8.014219204,3.577149824,,4.516699204,-2.148762886,-7.120311486,-7.120311486,-6.266080861,-7.120311486,0.0,3.088312265,8.049334888,12.13153718,101.1189339,,101.1189339,JOw2llJ,2024Q2,2024,21,17,HDM F2,P232091,0.054555374,2.90%,1.017,365
515655P,,,1482.46857,,4599.979149,5405.591222,7182.958769,,,,,,,,,,4941.415512,21733.13731,7207.839334,7564.796998,,14417.13168,7316.005625,,,,,,,2435.855595,-2406.862747,,KRW,2024-06-30,Q2,-353.8144739,,-130.467801,,,-492.0155253,,406.2989437,84.19292871,,,-746.2728262,,,,,,,,,,8847.598183,pa6g6NA,2024Q2,2024,15,32,"A2, A3",P614718,0.000733056,2.90%,1.017,365
515930,141.27147,136.975662,53.184015,0.0,3.934773,,399.272166,15.435009,42.05295,69.419403,-15.747228,11.912121,86.553819,,-351.131454,487.146051,317.870469,752.153877,325.534581,214.625646,93.321954,631.886508,120.267369,426.619296,417.260862,-14.611239,-56.050938,-5.299587,10.545273,79.127685,-28.985517,63.19638,USD,2024-06-30,Q2,-77.611338,6.218955,13.508811,,52.425333,-148.263345,,50.137083,,13.08879,-43.799139,-205.571295,-205.571295,-192.062484,-205.571295,0.0,6.750846,1201.584483,1260.228771,1189.576764,,1189.576764,A5nrzeD,2024Q2,2024,16,17,PU,P0,1.0,2.90%,1.017,365
516892,,,2381.21226,,2668.256503,1458.672349,5746.155806,,,,,,,,,,3942.550355,24895.77953,11279.20449,6679.826177,,12169.32743,12726.4521,,,,,,,-892.3202529,-943.9049017,,JPY,2024-06-30,Q1,-593.2234608,,-77.62547932,,,510.8502058,,51.8985513,61.08020024,,,465.105452,,,,,,,,,,18769.23271,Ga0BlxD,2025Q1,2025,27,51,A3,P425596,0.006539636,,1.0,365
517468,,,3190.158694,,3975.359709,34093.4048,9898.314574,,,,,,,,,,8286.516648,69785.28629,21358.62121,11309.43723,,31503.63701,38281.64928,,,,,,,-1043.680128,346.8230556,,JPY,2024-06-30,Q1,,,507.4299761,,,1411.188052,,,,,,1699.487906,,,,,,,,,,25959.13088,KawpkvA,2025Q1,2025,46,60,"A3, F0",P344097,0.006539636,,1.0,365
517567,,,426.123,,233.91,125.091,2562.84,,,,,,,,,,2426.562,7940.736,4145.292,2804.886,,6162.003,1778.733,,,,,,,-80.343,-467.82,,USD,2024-06-30,Q2,-76.275,,129.159,,,280.692,,161.703,14.238,,,-3.051,,,,,,,,,,10816.812,VDmO54a,2024Q2,2024,42,49,A1,P812680,1.0,2.90%,1.017,365
517958,,,5156.298819,,925.6024134,1392.255711,5338.997987,,,,,,,,,,731.897271,33190.71579,23364.5822,12623.85218,,20350.04593,12840.66987,,,,,,,-1355.935997,-1707.026567,,EUR,2024-06-30,Q3,,,436.9371678,,,-2076.827294,,,,,,-2639.232565,,,,,,,,,,38569.33529,VJlNBEA,2024Q3,2024,23,43,"F3, HDM F3",P633753,1.0822,2.90%,1.017,365
518087,,,876.654,,2078.748,,2045.187,,,,,,,,,,6538.293,15841.809,6362.352,4885.668,,12829.455,3012.354,,,,,,,-2837.43,-553.248,,USD,2024-06-30,Q2,,,966.15,,,4311.063,,287.811,,,,3119.139,,,,,,,,,,16286.238,LDQqZkD,2024Q2,2024,81,85,CommonAuto,P260470,1.0,2.90%,1.017,365
518614,,,1729.911744,,476.054587,1293.191186,3100.940822,,,,,,,,,,415.289475,10272.26659,5432.054133,1879.343589,,2479.176876,7793.089707,,,,,,,-371.3778798,-538.414547,,KRW,2024-06-30,Q2,-20.67314254,,400.8916519,,,1252.348703,,49.47360309,87.45649251,,,876.0241707,,,,,,,,,,6722.517273,a9jj1rA,2024Q2,2024,72,91,"F3, HDM F3",P175859,0.000733056,2.90%,1.017,365
519075P,,,269.0340854,,65.64486617,12.22911932,489.1124557,,,,,,,,,,197.4577694,1082.970261,555.9213771,307.0424498,,524.2106821,558.7595791,,,,,,,,,,JPY,2024-06-30,Q1,-3.243659456,,21.00531083,,,62.32273108,,9.639423464,2.020747524,,,43.50819831,,,,,,,,,,1061.840697,AZjrb2A,2025Q1,2025,31,57,"A1, HDM F1",P589832,0.006539636,,1.0,365
519141,162.1974051,201.20703,59.40779662,0.0,0.0,,260.8129154,8.443500399,0.022590862,75.86921512,55.73080306,48.10395914,93.37887339,,251.3088728,55.03031024,135.880094,829.3955726,512.0351976,238.0666202,251.3977801,467.3255876,362.0699861,317.360375,229.2589674,0.958658856,-8.681966838,-0.910778467,-1.004817911,4.287800902,-8.681966838,-8.641002603,EUR,2024-06-30,Q2,,,-3.80115085,1056.034894,48.86953194,1.943927957,141.240755,10.6527945,,,-18.0480309,-12.30295209,-12.30295209,-16.10410294,-12.30295209,0.0,7.395236406,90.42729403,139.296826,1197.275649,,1197.275649,DX4j6ED,2024Q2,2024,19,39,"A1, HDM A1",P316791,1.0822,2.90%,1.017,365
519197,,,12.45217851,0.0,7.16378868,,,,151.2940355,274.2186831,73.73396448,91.48389939,64.36361124,,-167.9483258,0.0,3.69839169,255.2301134,163.746214,281.3824718,,349.4444747,-94.21436133,91.48389939,68.06200293,,,,,,,,USD,2024-06-30,Q2,,,15.55229961,449.9490319,10.52297019,6.26030622,65.13741603,0.51719535,,,-30.78299331,-40.0749867,-40.0749867,-24.52268709,-40.0749867,0.0,30.26579796,48.35413962,58.87710981,515.086448,,515.086448,a0l8Vqa,2024Q2,2024,34,35,A2,P403234,1.0,2.90%,1.017,365
519197P,,,21.10882149,0.0,29.8203723,,,,271.0201673,252.1490102,-14.45595327,270.3304786,124.7162864,,-8.45408709,0.0,178.6838287,562.4594673,292.1289888,281.9693825,,585.3694975,-22.91004036,270.3304786,303.400115,,,,,,,,USD,2024-06-30,Q2,,,17.91712971,899.0069176,21.84246495,25.57078695,102.7461676,38.27048292,,,-59.49324909,-51.83959185,-51.83959185,-33.92246214,-25.60628025,0.0,21.22276617,55.33291566,77.17538061,1001.753085,,1001.753085,JlE17Ya,2024Q2,2024,33,28,,,1.0,2.90%,1.017,365
519217,,,3.624358514,0.0,0.0,1.401833725,1.539941847,,2.393156276,1.136418072,0.0,0.000334593,0.0,,13.88342852,0.6652197,0.0,15.70355904,12.76144923,1.136418174,6.743934468,1.154911302,14.54864774,2.94210981,0.018493128,,,,,,,,USD,2024-06-30,Q2,,,0.708124896,21.07112531,0.087524037,3.176547633,5.431129848,3.24e-05,0.001003362,0.04081221,0.041783445,2.510206182,2.510206182,3.218331078,2.510206182,0.0,0.0,2.167057985,2.254582215,26.50225522,,26.50225492,Dmwl15a,2024Q2,2024,58,83,"A1, HDM A1",P656881,1.0,2.90%,1.017,365
519619,,,6377.555686,,2080.553479,5267.053765,12461.21627,,,,,,,,,,9447.215416,47061.51107,24477.84589,18043.49366,,28240.63528,18820.87579,,,,,,,517.5199243,-3431.104726,,KRW,2024-06-30,Q2,-90.90473148,,597.012267,,,2772.872761,,458.0589035,379.8824,,,1210.88144,,,,,,,,,,64564.65108,kDe2mRJ,2024Q2,2024,42,45,F0,P376111,0.000733056,2.90%,1.017,365
519734,,,2759.491949,,1621.197876,58.1642284,3041.094711,,,,,,,,,,1282.455833,8514.869399,5031.903134,2569.30159,,4035.838838,4479.030562,,,,,,,-513.5230665,-834.0322152,,CNY,2024-06-30,Q2,0.0,,173.8500192,,,995.9988946,,42.4366581,119.2462501,,,891.7131004,,,,,,,,,,5166.560232,AjEB5Va,2024Q2,2024,74,86,F2,P478748,0.1393,2.90%,1.017,365
519769,,,224.93834,,333.060064,225.0324115,812.4348714,,,,,,,,,,338.1063268,2329.001467,1159.477989,700.5502885,,1207.662743,1121.338724,,,,,,,,,,JPY,2024-08-31,Q3,-0.967592334,,17.04709549,,,33.87245107,,9.971576551,2.183802142,,,18.76725964,,,,,,,,,,1644.403013,Wa9lkKJ,2024Q3,2024,21,42,PU,P478677,0.006607071,2.90%,1.017,365
519771,,,153.7272235,,73.91096607,152.4323755,414.9726024,,,,,,,,,,260.382147,1393.249831,747.2776661,283.4736017,,597.6704133,795.5794176,,,,,,,,,,JPY,2024-06-30,Q1,-19.80855744,,22.77755219,,,75.80746051,,2.230015876,1.628369364,,,87.78153403,,,,,,,,,,1021.223018,mDbmlGA,2025Q1,2025,46,67,F2,P280274,0.006539636,,1.0,365
519912,,,17.216793,,2.564874,,86.885361,,,,,,,,,,122.140683,340.139718,166.398489,76.839435,,205.121781,135.017937,,,,,,,-14.780061,-11.132082,,USD,2024-06-30,Q2,-14.31936,,4.730067,,,-45.451764,,10.817829,,,,-56.022462,,,,,,,,,,400.441716,JlEBP1a,2024Q2,2024,21,34,F3,P850824,1.0,2.90%,1.017,365
520028,,,3788.953925,,4495.594293,5381.832684,6722.242256,,,,,,,,,,5161.924344,43541.27579,24687.28939,20955.22376,,27460.7294,16080.54639,,,,,,,100.7692511,-1368.752354,,JPY,2024-06-30,Q1,,,577.7964595,,,2054.047351,,,,,,1650.846093,,,,,,,,,,31290.3337,4aNPbMD,2025Q1,2025,47,51,A1,P855797,0.006539636,,1.0,365
520039P,,,287.5412553,,145.363029,84.49209712,1074.717241,,,,,,,,,,114.7575325,2070.514154,893.4123721,479.3487792,,666.2254175,1404.288736,,,,,,,,,,JPY,2024-06-30,Q1,-3.89108342,,28.10735553,,,105.2554414,,6.062242572,5.015900812,,,94.21653585,,,,,,,,,,2306.006446,JGdzd9a,2025Q1,2025,60,81,A2,P997671,0.006539636,,1.0,365
520349,,,3115.292941,,1128.891585,2039.346249,4019.633045,,,,,,,,,,724.6766841,22642.14902,11629.95787,8012.329329,,9907.633555,12734.51547,,,,,,,-1067.752528,-1032.719698,,JPY,2024-06-30,Q1,-0.562408696,,-549.3882807,,,1198.793754,,27.70843773,30.18042014,,,1831.516617,,,,,,,,,,24761.99819,5AB4z4J,2025Q1,2025,52,62,F0,P963196,0.006539636,,1.0,365
520424,,,116.4432049,,709.6652035,29.49601032,600.0457025,,,,,,,,,,1023.885761,3597.412662,1823.579832,1446.845342,,2802.561219,794.8514423,,,,,,,875.0387676,-390.4259217,,EUR,2024-06-30,Q2,,,-69.40257145,,,-145.0928558,,105.6826641,14.52788568,,,-163.5762886,,,,,,,,,,2509.925578,DX5lBzJ,2024S1,2024,14,27,A1,P318484,1.0822,2.90%,1.017,365
520446,,,25.00907684,,53.08681901,6.131693094,29.17679939,,,,,,,,,,36.177424,200.0572542,158.7176915,108.0358232,,146.3742908,53.68296339,,,,,,,,,,JPY,2024-06-30,Q2,-0.817548328,,0.486100918,,,4.414028558,,1.333288481,0.364318672,,,3.935097231,,,,,,,,,,268.6566747,DmwjYka,2024Q2,2024,31,33,A1,P599512,0.006607071,2.90%,1.017,365
520462,,,769.7347761,,1282.324525,1667.731433,2240.309263,,,,,,,,,,2487.76255,14013.41323,8159.549615,7011.542673,,11232.86463,2780.548593,,,,,,,-488.9358855,-326.9556415,,JPY,2024-06-30,Q1,,,-9.528249652,,,-361.2298737,,,,,,-339.2239986,,,,,,,,,,8974.322864,zJnKNea,2025Q1,2025,16,30,A1,P255111,0.006539636,,1.0,365
520568,,,749.0710042,,1222.874015,23.45902713,2767.702955,,,,,,,,,,6189.022941,18645.18854,5506.284358,3855.254207,,11220.11755,7425.070991,,,,,,,-1659.350594,-572.0304645,,CHF,2024-06-30,Q2,-14.21409033,,331.1998609,,,1977.145296,,228.0032538,29.81492118,,,1418.866675,,,,,,,,,,13552.96179,Wa92e3A,2024S1,2024,66,74,HDM A3,P865444,1.1363,2.90%,1.017,365
520873,59.551452,71.914104,6.633891,0.0,8.323128,,68.090184,7.602075,22.355694,28.046826,-6.68169,11.528712,26.209107,,,0.0,104.692014,220.142871,132.9219,95.921406,32.018211,226.822527,-6.68169,87.220971,130.901121,,,,,,,,USD,2024-06-30,Q2,-0.4429035,,1.070901,498.6813735,21.109869,-1.326168,52.707042,12.10131351,,1.521432,-12.432825,-14.829894,-14.829894,-13.758993,-14.829894,0.0,1.85294349,32.4804375,53.5903065,551.3884155,,551.3884155,D85ORPJ,2024Q2,2024,26,23,A3,P661635,1.0,2.90%,1.017,365
521031,,,323.1430337,,316.4987635,62.93091723,913.7375608,,,,,,,,,,89.45568084,2210.17462,1044.118284,787.1890646,,1008.24838,1201.92624,,,,,,,,,,JPY,2024-06-30,Q1,-16.36216927,,14.11253449,,,55.06373512,,15.27005006,22.65983874,,,54.83484786,,,,,,,,,,2194.270226,2AzZZRA,2025Q1,2025,42,58,A2,P456952,0.006539636,,1.0,365
521193,,,512.0823766,,1455.892947,100.2799155,2334.666439,,,,,,,,,,1882.110074,7242.014745,2812.521395,2979.80223,,5305.732332,1936.282414,,,,,,,128.6207022,-572.1119542,,KRW,2024-06-30,Q2,-16.27905172,,36.36943613,,,140.6388042,,171.4111426,20.48715538,,,-88.00887099,,,,,,,,,,7272.092037,QDgx5mJ,2024Q2,2024,27,31,A3,P616528,0.000733056,2.90%,1.017,365
521215,83.73866944,136.1506177,14.62238939,0.0,21.50332494,,204.2913791,,42.82896575,65.37372513,3.847538808,0.295660206,56.53254445,,85.41282331,1.704058758,175.6463304,493.7590152,289.1719758,170.6157195,95.57000301,402.7945943,90.96442088,204.5870393,232.1788748,7.054968663,,-0.195237558,,,,-34.00717112,USD,2024-06-30,Q2,,,0.373793265,701.9256657,21.78900126,24.54065138,95.34783122,11.60897059,,,-11.60897059,12.55788752,12.55788752,12.93168079,12.55788752,0.0,0.0,49.01817909,70.80718086,797.2734969,,797.2734969,aP6VYzD,2024Q2,2024,46,34,HDM A3,P0,1.0,2.90%,1.017,365
521406,,,51.27573227,,59.29688612,34.28030722,248.4466559,,,,,,,,,,117.082652,584.9455062,284.5990793,204.6516841,,344.9580419,239.9874643,,,,,,,-38.76193983,1.933749632,,EUR,2024-06-30,Q2,-0.79573192,,-1.977773528,,,-3.888410614,,12.50388706,,,,-14.35509189,,,,,,,,,,711.0112341,ABxZNqJ,2024Q2,2024,24,44,A2,P681782,1.0822,2.90%,1.017,365
521423,,,588.4258631,,615.0473631,344.7382039,1759.418689,,,,,,,,,,1102.404165,5082.337966,2657.814353,1901.952006,,3148.597615,1933.740351,,,,,,,-21.98629611,-267.2061592,,KRW,2024-06-30,Q2,,,99.32335548,,,221.6769576,,,23.83922943,,,162.1774764,,,,,,,,,,6384.824279,a6jW3Na,2024Q2,2024,51,53,F3,P749460,0.000733056,2.90%,1.017,365
521508,,,43.33162814,,63.8530059,10.24106998,103.6663099,,,,,,,,,,32.03767676,354.415573,229.1488454,157.4940538,,204.9848904,149.4306826,,,,,,,,,,JPY,2024-06-30,Q1,-0.026158544,,8.92660314,,,28.80055694,,1.249070476,0.150411628,,,22.81025037,,,,,,,,,,464.5234244,A4PlxZA,2025Q1,2025,71,76,A3,P488641,0.006539636,,1.0,365
521740,,,1067.235897,,3.472546716,740.6530148,1555.4982,,,,,,,,,,1017.95974,6325.632952,3580.921564,842.3051168,,2046.055915,4279.577036,,,,,,,-510.091608,-609.6117886,,JPY,2024-06-30,Q1,,,243.8630264,,,773.4885272,,,,,,563.5923701,,,,,,,,,,4132.951857,7J1qEzJ,2025Q1,2025,72,90,HDM A1,P112482,0.006539636,,1.0,365
521749,,,278.7219269,,471.2180308,132.2241106,634.2730201,,,,,,,,,,85.89995801,2778.070754,1886.974535,1549.145256,,1842.703554,935.3672003,,,,,,,-29.90695617,-116.4411353,,CNY,2024-06-30,Q2,0.0,,10.66582291,,,67.65587209,,11.36673575,4.862947368,,,55.30527405,,,,,,,,,,2547.148974,VA4wBVa,2024Q2,2024,31,42,F3,P0,0.1393,2.90%,1.017,365
521758,,,1360.273451,,205.0996273,350.5336683,2531.606246,,,,,,,,,,1148.77385,8243.661628,4508.908718,3018.068096,,4809.616141,3434.045487,,,,,,,-213.1284853,-472.5249847,,EUR,2024-06-30,Q2,-66.00172548,,145.3261825,,,590.3945639,,,,,,379.7248132,,,,,,,,,,8793.168998,kDeZO9J,2024Q2,2024,67,83,"F2, F3",P722093,1.0822,2.90%,1.017,365
521772,,,4464.112485,,1520.046833,1591.302707,7502.558163,,,,,,,,,,3070.012501,24087.50014,12255.54599,7245.818593,,11842.11674,12245.38339,,,,,,,-1207.720358,-1457.246709,,JPY,2024-06-30,Q1,6.271510924,,369.1951504,,,1337.113595,,,,,,1120.481613,,,,,,,,,,13859.35902,Wa9MkWa,2025Q1,2025,47,56,"A1, GEN 2",P980422,0.006539636,,1.0,365
577942,,,47.31372828,,51.993108,6.10919019,369.1510668,,,,,,,,,,298.3104572,1287.869285,526.8201668,338.3451503,,697.6175266,590.2517586,,,,,,,12.86829423,-86.17857651,,GBP,2024-06-30,Q2,0.0,,-10.26863883,,,49.00350429,,,,,,39.51476208,,,,,,,,,,1277.210698,kDedGmA,2024S1,2024,51,58,F3,P397518,1.2781,2.90%,1.017,365
578242P,,,35.00205465,,0.0,4.882356687,1.083152424,,,,,,,,,,0.0,56.56103991,40.95147754,13.20312664,,16.59259587,39.96844404,,,,,,,,,,JPY,2024-06-30,Q2,-0.383529411,,1.593160936,,,11.22859322,,,0.0006585,,,10.77031058,,,,,,,,,,53.06970472,JOwYGRJ,2024Q2,2024,75,90,F0,P880199,0.006607071,2.90%,1.017,365
578384,,,373.3171711,,440.3427647,366.9558074,919.5991682,,,,,,,,,,59.81958473,3714.484234,2060.877572,1479.675477,,1753.400939,1961.083295,,,,,,,-140.8395725,-169.6245514,,CNY,2024-06-30,Q2,0.0,,38.21404347,,,260.0676226,,13.27306562,6.808585886,,,204.3339357,,,,,,,,,,3488.71441,axyNn2A,2024Q2,2024,63,74,A3,P551608,0.1393,2.90%,1.017,365
579773,,,140.95872,,1.15368,50.44728,198.01344,,,,,,,,,,261.04632,617.00904,335.93064,169.69584,,520.41456,96.59448,,,,,,,-78.7197816,-12.076932,,EUR,2024-06-30,Q1,,,8.67882,,,53.2024776,,,,,,24.7317528,,,,,,,,,,629.7089592,JWGXYoJ,2025Q1,2025,76,85,A3,P189864,1.0488,,1.0,365
580167,,,528.7383,,27.6624,,1823.9895,,,,,,,,,,2740.6116,5427.4239,2141.1918,1276.4367,,4807.4607,619.9632,,,,,,,-179.6022,-204.9255,,USD,2024-06-30,Q2,-21.9672,,37.5273,,,218.2482,,201.2643,29.2896,,,2.2374,,,,,,,,,,6360.4197,mDbPQoa,2024Q2,2024,50,55,PU,P634429,1.0,2.90%,1.017,365
580404,,,117.485874,,88.893936,5.433831,43.002828,,,,,,,,,,196.826112,685.438677,243.627435,186.357114,,528.617277,156.8214,,,,,,,-4.32225,12.805047,,USD,2024-06-30,Q3,-627.24492,,15.593661,,,-566.277804,,12.796911,5.22738,,,-589.060638,,,,,,,,,,363.539871,AL47LXA,2024Q3,2024,28,31,F0,P968361,1.0,2.90%,1.017,365
580417P,,,22.03029414,,35.18764286,5.332569606,51.89310378,,,,,,,,,,6.936990823,158.148606,88.82934067,66.36858153,,85.07100532,73.07760064,,,,,,,,,,JPY,2024-06-30,Q1,-0.509221836,,-0.370221873,,,-3.086394289,,0.761350963,0.100115288,,,-1.319109978,,,,,,,,,,146.8459896,DbdMkqa,2025Q1,2025,20,38,A3,P549245,0.006539636,,1.0,365
581048,,,135.5012579,,147.4557125,,371.0785655,,,,,,,,,,88.09543656,972.411175,517.1871131,357.7704063,,472.6718108,499.7393642,,,,,,,,,,JPY,2024-06-30,Q1,-80.88875768,,7.808325384,,,-55.0964333,,6.134178568,2.471982408,,,-62.28349326,,,,,,,,,,1204.633649,AjVb75A,2025Q1,2025,15,44,A3,P203326,0.006539636,,1.0,365
581297,,,25.84197,,0.0,,91.514745,,,,,,,,,,13.221,370.481913,258.128838,120.298896,,141.031458,229.450455,,,,,,,0.073224,-7.920396,,USD,2024-06-30,YE,,,3.839175,,,18.116838,,0.9153,,,,16.707276,,,,,,,,,,546.908022,eJ3g6ZJ,2024YE,2024,45,66,F2,P452381,1.0,2.90%,1.017,365
581643,,,786.3636336,,685.6802757,479.1127512,3616.34947,,,,,,,,,,2369.337972,11778.8912,4767.797786,2440.32834,,5654.179558,6124.711646,,,,,,,-834.2124183,68.94767318,,JPY,2024-06-30,Q2,-5.005946449,,300.3366288,,,862.924377,,,,,,586.8245923,,,,,,,,,,7172.627583,YJqN7wa,2024Q2,2024,63,77,F3,P0,0.006607071,2.90%,1.017,365
583197,2.144120719,1.088802183,1.273880725,0.0,0.0,,37.84832671,3.736932288,7.639773888,0.0,27.64903662,0.0,10.21398932,,,0.0,14.54716495,59.11764455,17.53238539,6.707453661,7.529928471,31.46860793,27.64903662,41.58525916,24.76115427,,,,,,,,USD,2024-06-30,Q2,-0.329009334,,0.030312794,35.00498532,7.106133353,-1.533004443,35.63034889,3.221674537,,0.013339023,-3.288351528,-4.851667656,-4.851667656,-4.821354954,-4.851667656,0.0,0.080015526,29.7282099,36.83434366,70.63533329,,70.63533371,DQM0VPD,2024Q2,2024,17,28,"F2, HDM F3",P621872,1.0,2.90%,1.017,365
583417,100.0728,133.9389,21.8655,0.0,66.5118,25.1199,304.3881,50.85,46.5786,88.2756,-35.4933,24.0012,15.7635,,-507.5847,461.3112,463.2435,653.4225,249.0633,254.8602,46.6803,733.8672,-80.4447,404.3592,479.007,-2.9493,-12.9159,,-18.7128,-23.7978,-13.0176,-31.6287,USD,2024-06-30,Q2,-2.5425,,-1.27125,814.76955,53.7993,-22.01805,52.884,26.2386,,12.5091,-18.6111,-39.3579,-40.22235,-40.62915,-40.22235,0.0,4.8816,18.56025,72.35955,867.65355,,867.65355,aR6zpOa,2024Q2,2024,15,20,"A2, A3",P547247,1.0,2.90%,1.017,365
583417P,,,214.6253879,,171.2581078,121.3433885,506.7851914,,,,,,,,,,335.6303342,1447.894275,703.1288097,584.3859417,,937.8751648,510.0191101,,,,,,,-78.56769316,-38.31040894,,CNY,2024-06-30,Q2,0.0,,5.069291205,,,23.09504817,,32.06905504,2.654389856,,,-15.13275269,,,,,,,,,,1723.670235,J1V5nPa,2024Q2,2024,18,30,"A2, A3",P547247,0.1393,2.90%,1.017,365
583863,,,788.2390531,,1337.72221,599.926838,3717.28973,,,,,,,,,,3261.811899,14622.56897,4235.094393,3611.033655,,8334.536854,6288.032119,,,,,,,-1577.854954,-485.851018,,EUR,2024-06-30,Q2,-122.8739955,,123.862332,,,829.1416549,,222.328379,46.7764901,,,533.3197839,,,,,,,,,,7330.051323,eJ3bKYD,2024S1,2024,42,47,"A1, F3",P178180,1.0822,2.90%,1.017,365
584067,,,482.7681,,187.6860352,130.3696282,2049.575584,,,,,,,,,,460.7083387,4844.943117,2368.827299,1074.995083,,1797.914225,3047.028892,,,,,,,,,,JPY,2024-06-30,Q2,-3.426889516,,253.8384416,,,653.6959736,,7.781055018,6.558125818,,,572.4988502,,,,,,,,,,3768.698227,XAL3qga,2024Q2,2024,77,91,F3,P417778,0.006607071,2.90%,1.017,365
584281,,,312.219,,306.117,,964.9296,,,,,,,,,,1731.0357,3904.0596,1819.0062,1187.7543,,3224.3985,679.6611,,,,,,,-295.947,-48.1041,,USD,2024-06-30,Q2,-1161.3123,,-93.8691,,,-840.7539,,88.6824,6.7122,,,-828.855,,,,,,,,,,4592.772,XALle1A,2024Q2,2024,21,25,A3,P0,1.0,2.90%,1.017,365
584386,,,572.6890038,,0.0,345.1750674,781.3491696,,,,,,,,,,65.39636,3453.104378,1818.234616,881.5690913,,1191.717868,2261.38651,,,,,,,,,,JPY,2024-06-30,Q1,-24.58249172,,59.94230358,,,153.0471013,,0.281204348,8.377273716,,,159.1682006,,,,,,,,,,4099.514699,PDy3EOa,2025Q1,2025,57,79,F2,P944025,0.006539636,,1.0,365
584422,,,31.74446938,,6.903516283,151.2255176,106.8479718,,,,,,,,,,132.1622516,631.9440966,201.512083,98.66913974,,275.8706112,356.0734854,,,,,,,-59.72955608,46.97687151,,NOK,2024-06-30,Q2,-66.3754185,,-1.286283751,,,-47.36217042,,,,,,-115.308852,,,,,,,,,,464.8616617,ZD8g9eA,2024Q2,2024,14,32,GEN 2,P183401,0.092971365,2.90%,1.017,365
584515,,,564.144738,,88.96818717,25.26272748,2874.354646,,,,,,,,,,1837.081666,8323.32481,3531.95544,2098.940067,,4164.948312,4158.376498,,,,,,,325.9736708,-1338.32172,,CAD,2024-06-30,Q2,0.0,,154.5771861,,,686.4218923,,78.98871195,17.63001027,,,448.1810384,,,,,,,,,,7764.560317,7J1QjQJ,2024Q2,2024,63,76,A3,P889628,0.73,2.90%,1.017,365
584624P,,,6003.351,,2397.069,10340.856,33705.414,,,,,,,,,,8919.09,92391.399,31535.136,20651.202,,37169.316,55222.083,,,,,,,-1396.341,-4035.456,,USD,2024-06-30,Q2,-1428.885,,294.93,,,-65.088,,783.09,,,,-548.163,,,,,,,,,,64781.883,pa6X7ED,2024Q2,2024,23,49,A2,P601369,1.0,2.90%,1.017,365
585149,,,215.5856404,,981.6124429,241.1033,2636.388857,,,,,,,,,,1180.744359,6350.28084,3116.051539,2551.013909,,4185.19047,2165.09037,,,,,,,-356.9987292,-178.8590446,,JPY,2024-06-30,Q1,,,42.35722237,,,294.8525683,,,,,,188.0210746,,,,,,,,,,6076.930594,AZj6MKA,2025Q1,2025,35,38,A2,P499169,0.006539636,,1.0,365
585517,,,1000.067296,,0.0,380.358309,609.8537552,,,,,,,,,,0.0,2938.415406,1777.244178,553.0831751,,645.4359147,2292.979491,,,,,,,-114.3259166,-62.43390489,,JPY,2024-06-30,Q1,-4.309620124,,52.60483198,,,130.1583753,,1.850716988,14.00790031,,,104.706112,,,,,,,,,,3015.020702,dJO2MjD,2025Q1,2025,55,82,A3,P122651,0.006539636,,1.0,365
585824,,,1159.022613,,888.6223408,34.12952537,5517.536898,,,,,,,,,,2870.726719,11578.1911,4621.207073,4593.922163,,8306.051192,3272.139905,,,,,,,-88.76207971,-1209.923042,,EUR,2024-06-30,Q2,-0.083645402,,91.80082913,,,661.6703521,,235.5388496,0.46995509,,,318.8243566,,,,,,,,,,13361.31297,DgEPm3a,2024S1,2024,60,65,F2,P505529,1.0822,2.90%,1.017,365
586125,,,824.7069563,,1814.062328,333.0636615,2217.603647,,,,,,,,,,1939.97648,8430.486734,4561.592299,3150.548119,,5463.950893,2966.535841,,,,,,,290.1244115,-111.533492,,JPY,2024-06-30,Q1,-15.2962086,,90.96633676,,,98.2580309,,47.11807738,13.47165016,,,102.2668278,,,,,,,,,,6822.625669,XAZx1WJ,2025Q1,2025,25,30,F2,P209373,0.006539636,,1.0,365
586934,,,37159.89873,,9498.961072,16952.22088,144965.836,,,,,,,,,,2788.206574,362141.0842,162417.1268,62888.11838,,76215.06588,285926.0183,,,,,,,-3481.535288,-64171.4761,,KRW,2024-06-30,Q2,,,-1502.982829,,,16631.11735,,588.3650043,3351.538577,,,21459.72083,,,,,,,,,,209616.1591,kDed38A,2024Q2,2024,47,72,F0,P444114,0.000733056,2.90%,1.017,365
587133,,,1601.788634,,1127.386176,516.2911428,4715.5478,,,,,,,,,,5639.786622,14209.96022,5561.357888,3451.939406,,9873.003082,4336.957141,,,,,,,,,,JPY,2024-06-30,Q2,-211.5801903,,-14.32574205,,,39.55705604,,89.38134184,13.33799155,,,262.5400532,,,,,,,,,,9012.652232,VJlgP3D,2024Q2,2024,18,42,HDM F3,P537216,0.006607071,2.90%,1.017,365
591527,,,259.806659,,181.7822619,198.8441722,1708.38835,,,,,,,,,,511.2556632,2728.381917,632.0688987,508.9667906,,1116.211231,1612.170686,,,,,,,,,,JPY,2024-06-30,Q1,-1.99458898,,46.36601924,,,136.129063,,1.83109808,1.229451568,,,111.5531109,,,,,,,,,,1483.45103,DywRO1a,2025Q1,2025,62,75,F3,P185927,0.006539636,,1.0,365
591674,,,7313.523445,,2186.762723,4136.13666,13114.18058,,,,,,,,,,8571.553222,64577.34907,29133.14321,21592.09929,,31513.09986,33064.2492,,,,,,,-643.866402,-4365.063158,,JPY,2024-06-30,Q1,,,562.6506625,,,2317.326556,,,,,,2191.968274,,,,,,,,,,56165.10792,AzY5rXa,2025Q1,2025,32,48,PU,P574123,0.006539636,,1.0,365
594416P,,,470.2194473,,67.77024787,48.47832167,576.7043403,,,,,,,,,,206.0312322,1869.891201,1046.531409,585.8598307,,918.0079431,951.8832576,,,,,,,,,,JPY,2024-06-30,Q1,0.071935996,,34.50311954,,,113.6196359,,1.824558444,4.355397576,,,91.67915708,,,,,,,,,,2147.564145,Wa9QjLa,2025Q1,2025,63,84,F3,P611169,0.006539636,,1.0,365
595248,,,67.94000246,,139.6445693,71.65285582,240.5495632,,,,,,,,,,44.703348,996.8515385,580.6408208,428.843303,,484.3836494,512.4678889,,,,,,,31.7156175,-91.06106995,,KRW,2024-06-30,Q2,,,9.524072345,,,78.97339433,,8.984691606,3.18157614,,,78.76351276,,,,,,,,,,1297.289299,ZD8RzOa,2024Q2,2024,57,54,F0,P445290,0.000733056,2.90%,1.017,365
60290,,,23605.587,,11462.607,37638.153,111262.851,,,,,,,,,,43248.942,284239.296,93356.532,83760.12,,162171.837,122067.459,,,,,,,-25368.048,-13875.948,,USD,2024-06-30,Q2,,,12620.97,,,33550.83,,2866.923,,,,21741.426,,,,,,,,,,213818.148,VAo3WXA,2024Q2,2024,75,81,"A3, HDM F1",P190774,1.0,2.90%,1.017,365
61350,,,513.585,,18.306,52.884,535.959,,,,,,,,,,314.253,2777.427,1668.897,902.079,,1559.061,1218.366,,,,,,,-137.295,-148.482,,USD,2024-06-30,Q2,-6.102,,-234.927,,,345.78,,16.272,15.255,,,572.571,,,,,,,,,,4018.167,4aNpBlD,2024Q2,2024,76,92,"A3, F0",P412560,1.0,2.90%,1.017,365
70260,,,802.413,,1671.948,,9512.001,,,,,,,,,,6948.144,22399.425,8343.468,7840.053,,17461.89,4937.535,,,,,,,-318.321,-892.926,,USD,2024-06-30,Q2,-687.492,,80.343,,,75.258,,531.891,78.309,,,-364.086,,,,,,,,,,19694.205,Ga0POwa,2024Q2,2024,21,25,"F3, HDM F3",P894700,1.0,2.90%,1.017,365
70780,32.4934551,30.76812477,10.483236,0.0,0.0,,42.9927597,,27.14471649,8.26727436,-6.42005658,45.06538536,31.1652531,,91.88266509,9.178425,26.79942465,193.3664712,105.3083262,40.76072946,36.91224891,98.72540721,94.64103351,88.05814506,57.96467775,,-4.742271,,,,,,USD,2024-06-30,Q2,,,-3.16732446,227.4049222,9.3661632,15.74750259,42.10322031,2.37797991,,0.9005535,-6.45810255,12.4567245,12.4567245,9.28940004,12.4567245,0.0,4.98067614,16.98955452,26.35571772,269.5081425,,269.5081425,a7Or3Wa,2024Q2,2024,56,67,A3,P249920,1.0,2.90%,1.017,365
70940,,,387.3486546,,41.5944864,471.8374551,2218.805884,,,,,,,,,,1719.672047,7795.066717,1930.244135,1800.261365,,4646.884028,3148.182689,,,,,,,-54.5927634,-175.4767395,,GBP,2024-06-30,Q2,-707.1062688,,-102.6863883,,,-607.0195359,,64.991385,,,,-664.2119547,,,,,,,,,,5980.507248,AZ1Z11a,2024S1,2024,13,33,"PU, HDM A1",P328174,1.2781,2.90%,1.017,365
71246,,,185.9414704,,261.7096931,,390.2200801,,,,,,,,,,142.7079368,1255.4597,680.0371287,495.6717106,,731.0855273,524.374173,,,,,,,-39.33591054,-63.55218265,,JPY,2024-06-30,Q1,0.0,,18.44177352,,,43.02426524,,11.01274702,2.046906068,,,24.32090628,,,,,,,,,,863.0619215,2AzbgkA,2025Q1,2025,49,53,"A1, HDM F1",P646110,0.006539636,,1.0,365
80480,,,2040.50758,,1644.292516,272.9481552,4210.885652,,,,,,,,,,2315.65693,37169.37539,10719.81868,9663.245172,,14524.58389,22644.79151,,,,,,,-528.286752,-2558.888955,,EUR,2024-06-30,Q2,-243.2320254,,755.0098164,,,2880.263396,,114.4621296,112.2609348,,,1987.678904,,,,,,,,,,23553.88496,XALWyla,2024S1,2024,51,65,A2,P712635,1.0822,2.90%,1.017,365
81160,,,5527.470378,,4047.197611,7809.894897,8378.071552,,,,,,,,,,6518.97075,87661.12625,42247.65731,36820.55073,,47504.17749,40156.94876,,,,,,,-5253.230742,-2132.411809,,JPY,2024-06-30,Q1,344.4033903,,1509.759986,,,5725.830617,,474.1301496,267.8307924,,,4785.901814,,,,,,,,,,62895.93672,YaKN4jJ,2025Q1,2025,58,57,"A1, F0, PU, HDM F1",P689834,0.006539636,,1.0,365
90220,,,2453.231605,,5532.70313,11697.14917,27910.04947,,,,,,,,,,20583.37257,90740.95384,37148.46404,21920.59842,,50325.91671,40415.03713,,,,,,,-2856.050253,-6628.89814,,EUR,2024-06-30,Q2,,,780.3235566,,,1765.35823,,1004.845426,418.227012,,,110.05974,,,,,,,,,,71835.9923,XAZN5qA,2024Q2,2024,24,47,A0,P615901,1.0822,2.90%,1.017,365
91034,,,284.3956904,,1196.517961,663.4002947,1842.320095,,,,,,,,,,969.141357,6362.163358,3483.343655,2729.062039,,4141.198338,2220.96502,,,,,,,,,,JPY,2024-06-30,Q1,-5.545611328,,58.13736404,,,108.7149089,,60.9821057,11.1173812,,,101.8221325,,,,,,,,,,7086.840042,adNqWpD,2025Q1,2025,18,34,"F0, HDM F2",P875711,0.006539636,,1.0,365
91080,,,4198.943324,,5081.454123,15160.7335,23030.64918,,,,,,,,,,15349.71591,73011.54377,31681.31892,16908.96786,,36273.56903,36737.97474,,,,,,,-2800.448705,-3550.996189,,JPY,2024-06-30,Q1,-810.7186749,,1205.15682,,,5015.495355,,,,,,3704.317955,,,,,,,,,,57939.99129,VAoRnYa,2025Q1,2025,58,59,A1,P969376,0.006539636,,1.0,365
92140,,,16.26871091,0.0,0.0,,,,67.64364544,55.99430778,72.30915739,64.28945975,11.50806815,,-27.25975695,0.0,35.6500399,148.2018165,83.91235676,55.99430737,,103.1524153,45.04940015,64.28945974,47.15810796,,,,,,,,USD,2024-06-30,Q2,,,0.0,227.9935812,12.79741437,0.842161428,16.64048249,3.188934327,,1.26798063,-1.920953331,-1.078791903,-1.078791903,-1.078791903,-1.078791903,0.0,0.0,3.000906648,15.79832106,244.6340636,,244.6340637,AjVQlVA,2024Q2,2024,19,37,A3,P0,1.0,2.90%,1.017,365
